skill,prompt
addition-subtraction,"Write a multiple-choice question with four options where students first add and then subtract using cookies. Make it easy. Ask for a written answer, not a drawing."
addition-subtraction,Generate a multiple-choice question with four options about comparing an initial amount and a final amount of garden plants using addition and subtraction. Include the correct answer.
addition-subtraction,Generate a two-step problem about comparing an initial amount and a final amount of flowers using addition and subtraction. Make the numbers easy to calculate mentally.
addition-subtraction,Create a fill-in-the-blank question that asks students to find a missing total after adding and subtracting books. Make the numbers easy to calculate mentally.
addition-subtraction,Write a simple challenge question where students first add and then subtract using birthday candles. Make it very easy. Avoid decimals and negative numbers.
addition-subtraction,Create a real-life classroom problem about stickers that combines addition and subtraction. Make it moderate. Make the numbers easy to calculate mentally.
addition-subtraction,Generate a real-life classroom problem about comparing an initial amount and a final amount of recycling bins using addition and subtraction. Avoid decimals and negative numbers.
addition-subtraction,"Generate a two-step problem about comparing an initial amount and a final amount of fruit baskets using addition and subtraction. Ask for a written answer, not a drawing."
addition-subtraction,Write a short word problem where students first add and then subtract using colored blocks. Make it slightly challenging. Include the correct answer.
addition-subtraction,Write a simple challenge question where students first add and then subtract using marbles. Make it easy. Include the correct answer.
addition-subtraction,Generate a two-step problem about comparing an initial amount and a final amount of recycling bins using addition and subtraction. Make the numbers easy to calculate mentally.
addition-subtraction,Generate a true-or-false question with a brief explanation using two operations: one addition and one subtraction. Use bus passengers. Avoid decimals and negative numbers.
addition-subtraction,"Write a two-step problem where students first add and then subtract using flowers. Make it easy. Ask for a written answer, not a drawing."
addition-subtraction,Generate a fill-in-the-blank question using two operations: one addition and one subtraction. Use garden plants. Make the numbers easy to calculate mentally.
addition-subtraction,Generate a multiple-choice question with four options using two operations: one addition and one subtraction. Use recycling bins. Keep the question under 45 words.
addition-subtraction,Write a multiple-choice question with four options with three quantities related to stickers. Students must decide whether to add or subtract. Use whole numbers only.
addition-subtraction,Create a short word problem that asks students to find a missing total after adding and subtracting notebooks. Avoid decimals and negative numbers.
addition-subtraction,Write a true-or-false question with a brief explanation where students first add and then subtract using cookies. Make it very easy. Avoid decimals and negative numbers.
addition-subtraction,Create a short word problem that asks students to find a missing total after adding and subtracting birthday candles. Use whole numbers only.
addition-subtraction,Write a multiple-choice question with four options where students first add and then subtract using bus passengers. Make it easy. Include the correct answer.
addition-subtraction,Write a two-step problem where students first add and then subtract using garden plants. Make it very easy. Make the numbers easy to calculate mentally.
addition-subtraction,Create a short word problem that asks students to find a missing total after adding and subtracting bus passengers. Include the correct answer.
addition-subtraction,Create a two-step problem about school supplies that combines addition and subtraction. Make it easy. Use simple vocabulary suitable for elementary students.
addition-subtraction,Create a true-or-false question with a brief explanation that asks students to find a missing total after adding and subtracting birthday candles. Include the correct answer.
addition-subtraction,Create a two-step problem about stickers that combines addition and subtraction. Make it easy. Use whole numbers only.
addition-subtraction,Write a question that asks students to explain their reasoning where students first add and then subtract using notebooks. Make it moderate. Avoid decimals and negative numbers.
addition-subtraction,Create a true-or-false question with a brief explanation about toy cars that combines addition and subtraction. Make it easy. Use whole numbers only.
addition-subtraction,Write a multiple-choice question with four options where students first add and then subtract using school supplies. Make it very easy. Avoid decimals and negative numbers.
addition-subtraction,Write a simple challenge question where students first add and then subtract using coins. Make it very easy. Make the numbers easy to calculate mentally.
addition-subtraction,Write a two-step problem where students first add and then subtract using toy cars. Make it moderate. Use simple vocabulary suitable for elementary students.
addition-subtraction,Generate a multiple-choice question with four options using two operations: one addition and one subtraction. Use garden plants. Use simple vocabulary suitable for elementary students.
addition-subtraction,Generate a multiple-choice question with four options about comparing an initial amount and a final amount of toy cars using addition and subtraction. Use simple vocabulary suitable for elementary students.
addition-subtraction,Create a two-step problem that asks students to find a missing total after adding and subtracting toy cars. Add one short hint.
addition-subtraction,Write a true-or-false question with a brief explanation where students first add and then subtract using bus passengers. Make it easy. Include the correct answer.
addition-subtraction,Write a two-step problem where students first add and then subtract using coins. Make it moderate. Include the correct answer.
addition-subtraction,Generate a question that asks students to explain their reasoning using two operations: one addition and one subtraction. Use marbles. Add one short hint.
addition-subtraction,Generate a question that asks students to explain their reasoning using two operations: one addition and one subtraction. Use fruit baskets. Keep the question under 45 words.
addition-subtraction,"Write a true-or-false question with a brief explanation where students first add and then subtract using cookies. Make it slightly challenging. Ask for a written answer, not a drawing."
addition-subtraction,Generate a real-life classroom problem about comparing an initial amount and a final amount of toy cars using addition and subtraction. Use simple vocabulary suitable for elementary students.
addition-subtraction,Create a two-step problem about toy cars that combines addition and subtraction. Make it moderate. Add one short hint.
addition-subtraction,Write a fill-in-the-blank question where students first add and then subtract using marbles. Make it moderate. Avoid decimals and negative numbers.
addition-subtraction,"Generate a real-life classroom problem about comparing an initial amount and a final amount of cookies using addition and subtraction. Ask for a written answer, not a drawing."
addition-subtraction,Write a simple challenge question where students first add and then subtract using classroom chairs. Make it moderate. Make the numbers easy to calculate mentally.
addition-subtraction,Create a multiple-choice question with four options about birthday candles that combines addition and subtraction. Make it slightly challenging. Keep the question under 45 words.
addition-subtraction,Write a short word problem where students first add and then subtract using fruit baskets. Make it easy. Use whole numbers only.
addition-subtraction,Write a true-or-false question with a brief explanation where students first add and then subtract using notebooks. Make it moderate. Use simple vocabulary suitable for elementary students.
addition-subtraction,Write a two-step problem where students first add and then subtract using garden plants. Make it slightly challenging. Add one short hint.
addition-subtraction,Write a true-or-false question with a brief explanation where students first add and then subtract using classroom chairs. Make it easy. Keep the question under 45 words.
addition-subtraction,Create a true-or-false question with a brief explanation that asks students to find a missing total after adding and subtracting garden plants. Include the correct answer.
addition-subtraction,Create a fill-in-the-blank question about cookies that combines addition and subtraction. Make it very easy. Make the numbers easy to calculate mentally.
addition-subtraction,Create a real-life classroom problem about flowers that combines addition and subtraction. Make it very easy. Keep the question under 45 words.
addition-subtraction,Create a real-life classroom problem about water bottles that combines addition and subtraction. Make it easy. Make the numbers easy to calculate mentally.
addition-subtraction,Generate a short word problem using two operations: one addition and one subtraction. Use books. Add one short hint.
addition-subtraction,Create a question that asks students to explain their reasoning about pencils that combines addition and subtraction. Make it moderate. Include the correct answer.
addition-subtraction,Create a short word problem that asks students to find a missing total after adding and subtracting toy cars. Include the correct answer.
addition-subtraction,Write a true-or-false question with a brief explanation where students first add and then subtract using toy cars. Make it easy. Make the numbers easy to calculate mentally.
addition-subtraction,Create a question that asks students to explain their reasoning about coins that combines addition and subtraction. Make it easy. Include the correct answer.
addition-subtraction,Create a fill-in-the-blank question about coins that combines addition and subtraction. Make it slightly challenging. Use simple vocabulary suitable for elementary students.
addition-subtraction,"Write a true-or-false question with a brief explanation where students first add and then subtract using notebooks. Make it slightly challenging. Ask for a written answer, not a drawing."
addition-subtraction,Write a two-step problem with three quantities related to sports balls. Students must decide whether to add or subtract. Include the correct answer.
addition-subtraction,Write a fill-in-the-blank question with three quantities related to garden plants. Students must decide whether to add or subtract. Make the numbers easy to calculate mentally.
addition-subtraction,Create a fill-in-the-blank question about recycling bins that combines addition and subtraction. Make it very easy. Use simple vocabulary suitable for elementary students.
addition-subtraction,Write a true-or-false question with a brief explanation where students first add and then subtract using animals on a farm. Make it very easy. Keep the question under 45 words.
addition-subtraction,Write a short word problem with three quantities related to recycling bins. Students must decide whether to add or subtract. Make the numbers easy to calculate mentally.
addition-subtraction,Write a two-step problem with three quantities related to colored blocks. Students must decide whether to add or subtract. Use simple vocabulary suitable for elementary students.
addition-subtraction,Create a question that asks students to explain their reasoning about sports balls that combines addition and subtraction. Make it very easy. Add one short hint.
addition-subtraction,Write a multiple-choice question with four options with three quantities related to coins. Students must decide whether to add or subtract. Include the correct answer.
addition-subtraction,Write a multiple-choice question with four options where students first add and then subtract using recycling bins. Make it slightly challenging. Add one short hint.
addition-subtraction,Write a true-or-false question with a brief explanation with three quantities related to notebooks. Students must decide whether to add or subtract. Keep the question under 45 words.
addition-subtraction,Write a simple challenge question where students first add and then subtract using animals on a farm. Make it moderate. Add one short hint.
addition-subtraction,Write a short word problem where students first add and then subtract using colored blocks. Make it easy. Include the correct answer.
addition-subtraction,"Write a true-or-false question with a brief explanation where students first add and then subtract using birthday candles. Make it very easy. Ask for a written answer, not a drawing."
addition-subtraction,Create a fill-in-the-blank question about coins that combines addition and subtraction. Make it easy. Use whole numbers only.
addition-subtraction,Write a short word problem with three quantities related to stickers. Students must decide whether to add or subtract. Add one short hint.
addition-subtraction,Write a true-or-false question with a brief explanation where students first add and then subtract using water bottles. Make it very easy. Use simple vocabulary suitable for elementary students.
addition-subtraction,Create a question that asks students to explain their reasoning about sports balls that combines addition and subtraction. Make it very easy. Keep the question under 45 words.
addition-subtraction,"Create a question that asks students to explain their reasoning about animals on a farm that combines addition and subtraction. Make it very easy. Ask for a written answer, not a drawing."
addition-subtraction,Create a short word problem about sports balls that combines addition and subtraction. Make it moderate. Keep the question under 45 words.
addition-subtraction,Write a true-or-false question with a brief explanation where students first add and then subtract using fruit baskets. Make it very easy. Include the correct answer.
addition-subtraction,Generate a fill-in-the-blank question using two operations: one addition and one subtraction. Use school supplies. Use whole numbers only.
addition-subtraction,Write a short word problem where students first add and then subtract using animals on a farm. Make it easy. Use whole numbers only.
addition-subtraction,Create a true-or-false question with a brief explanation about fruit baskets that combines addition and subtraction. Make it moderate. Use simple vocabulary suitable for elementary students.
addition-subtraction,Generate a fill-in-the-blank question using two operations: one addition and one subtraction. Use coins. Include the correct answer.
addition-subtraction,Write a multiple-choice question with four options where students first add and then subtract using toy cars. Make it slightly challenging. Make the numbers easy to calculate mentally.
addition-subtraction,Write a short word problem with three quantities related to school supplies. Students must decide whether to add or subtract. Use whole numbers only.
addition-subtraction,Generate a real-life classroom problem using two operations: one addition and one subtraction. Use books. Add one short hint.
addition-subtraction,Create a real-life classroom problem about water bottles that combines addition and subtraction. Make it very easy. Keep the question under 45 words.
addition-subtraction,Create a fill-in-the-blank question about notebooks that combines addition and subtraction. Make it very easy. Use simple vocabulary suitable for elementary students.
addition-subtraction,"Generate a short word problem using two operations: one addition and one subtraction. Use flowers. Ask for a written answer, not a drawing."
addition-subtraction,Create a short word problem that asks students to find a missing total after adding and subtracting marbles. Include the correct answer.
addition-subtraction,Write a real-life classroom problem with three quantities related to bus passengers. Students must decide whether to add or subtract. Avoid decimals and negative numbers.
addition-subtraction,Write a true-or-false question with a brief explanation where students first add and then subtract using bus passengers. Make it moderate. Make the numbers easy to calculate mentally.
addition-subtraction,Generate a real-life classroom problem about comparing an initial amount and a final amount of bus passengers using addition and subtraction. Use whole numbers only.
addition-subtraction,Create a short word problem about water bottles that combines addition and subtraction. Make it easy. Avoid decimals and negative numbers.
addition-subtraction,Generate a real-life classroom problem using two operations: one addition and one subtraction. Use classroom chairs. Make the numbers easy to calculate mentally.
addition-subtraction,Write a question that asks students to explain their reasoning where students first add and then subtract using pencils. Make it easy. Avoid decimals and negative numbers.
addition-subtraction,"Write a true-or-false question with a brief explanation with three quantities related to stickers. Students must decide whether to add or subtract. Ask for a written answer, not a drawing."
addition-subtraction,Create a real-life classroom problem about coins that combines addition and subtraction. Make it moderate. Include the correct answer.
addition-subtraction,Generate a fill-in-the-blank question using two operations: one addition and one subtraction. Use notebooks. Include the correct answer.
addition-subtraction,Create a short word problem about garden plants that combines addition and subtraction. Make it easy. Use whole numbers only.
addition-subtraction,Create a two-step problem that asks students to find a missing total after adding and subtracting notebooks. Add one short hint.
addition-subtraction,Create a real-life classroom problem about bus passengers that combines addition and subtraction. Make it moderate. Use whole numbers only.
addition-subtraction,Create a simple challenge question about recycling bins that combines addition and subtraction. Make it slightly challenging. Use simple vocabulary suitable for elementary students.
addition-subtraction,Generate a two-step problem using two operations: one addition and one subtraction. Use school supplies. Use simple vocabulary suitable for elementary students.
addition-subtraction,Write a real-life classroom problem where students first add and then subtract using birthday candles. Make it easy. Include the correct answer.
addition-subtraction,Write a question that asks students to explain their reasoning where students first add and then subtract using notebooks. Make it very easy. Include the correct answer.
addition-subtraction,Write a true-or-false question with a brief explanation where students first add and then subtract using notebooks. Make it slightly challenging. Include the correct answer.
addition-subtraction,Write a true-or-false question with a brief explanation where students first add and then subtract using garden plants. Make it very easy. Use simple vocabulary suitable for elementary students.
addition-subtraction,Generate a two-step problem about comparing an initial amount and a final amount of garden plants using addition and subtraction. Keep the question under 45 words.
addition-subtraction,Write a fill-in-the-blank question where students first add and then subtract using animals on a farm. Make it slightly challenging. Make the numbers easy to calculate mentally.
addition-subtraction,Generate a question that asks students to explain their reasoning about comparing an initial amount and a final amount of sports balls using addition and subtraction. Avoid decimals and negative numbers.
addition-subtraction,Create a short word problem about marbles that combines addition and subtraction. Make it slightly challenging. Include the correct answer.
addition-subtraction,Write a real-life classroom problem where students first add and then subtract using cookies. Make it moderate. Add one short hint.
addition-subtraction,Write a short word problem where students first add and then subtract using fruit baskets. Make it very easy. Add one short hint.
addition-subtraction,Write a simple challenge question where students first add and then subtract using cookies. Make it slightly challenging. Make the numbers easy to calculate mentally.
addition-subtraction,Generate a true-or-false question with a brief explanation about comparing an initial amount and a final amount of sports balls using addition and subtraction. Make the numbers easy to calculate mentally.
addition-subtraction,"Write a simple challenge question where students first add and then subtract using bus passengers. Make it very easy. Ask for a written answer, not a drawing."
addition-subtraction,"Write a simple challenge question where students first add and then subtract using pencils. Make it slightly challenging. Ask for a written answer, not a drawing."
addition-subtraction,Create a question that asks students to explain their reasoning about fruit baskets that combines addition and subtraction. Make it moderate. Make the numbers easy to calculate mentally.
addition-subtraction,Write a fill-in-the-blank question with three quantities related to bus passengers. Students must decide whether to add or subtract. Add one short hint.
addition-subtraction,Create a two-step problem about sports balls that combines addition and subtraction. Make it easy. Keep the question under 45 words.
addition-subtraction,Create a fill-in-the-blank question about notebooks that combines addition and subtraction. Make it very easy. Keep the question under 45 words.
addition-subtraction,Create a two-step problem about garden plants that combines addition and subtraction. Make it moderate. Include the correct answer.
addition-subtraction,Create a simple challenge question that asks students to find a missing total after adding and subtracting pencils. Include the correct answer.
addition-subtraction,Create a fill-in-the-blank question about coins that combines addition and subtraction. Make it moderate. Use whole numbers only.
addition-subtraction,Write a question that asks students to explain their reasoning with three quantities related to classroom chairs. Students must decide whether to add or subtract. Add one short hint.
addition-subtraction,Create a fill-in-the-blank question about colored blocks that combines addition and subtraction. Make it moderate. Make the numbers easy to calculate mentally.
addition-subtraction,Write a real-life classroom problem where students first add and then subtract using animals on a farm. Make it slightly challenging. Keep the question under 45 words.
addition-subtraction,Generate a multiple-choice question with four options using two operations: one addition and one subtraction. Use stickers. Use whole numbers only.
addition-subtraction,Create a simple challenge question that asks students to find a missing total after adding and subtracting pencils. Keep the question under 45 words.
addition-subtraction,Create a real-life classroom problem about pencils that combines addition and subtraction. Make it very easy. Keep the question under 45 words.
addition-subtraction,Generate a simple challenge question using two operations: one addition and one subtraction. Use notebooks. Avoid decimals and negative numbers.
addition-subtraction,Generate a question that asks students to explain their reasoning about comparing an initial amount and a final amount of colored blocks using addition and subtraction. Use simple vocabulary suitable for elementary students.
addition-subtraction,Write a two-step problem where students first add and then subtract using coins. Make it slightly challenging. Use simple vocabulary suitable for elementary students.
addition-subtraction,Write a fill-in-the-blank question where students first add and then subtract using bus passengers. Make it easy. Avoid decimals and negative numbers.
addition-subtraction,Create a fill-in-the-blank question about birthday candles that combines addition and subtraction. Make it moderate. Use simple vocabulary suitable for elementary students.
addition-subtraction,Create a real-life classroom problem that asks students to find a missing total after adding and subtracting toy cars. Include the correct answer.
addition-subtraction,"Write a fill-in-the-blank question with three quantities related to recycling bins. Students must decide whether to add or subtract. Ask for a written answer, not a drawing."
addition-subtraction,Write a question that asks students to explain their reasoning where students first add and then subtract using colored blocks. Make it slightly challenging. Use simple vocabulary suitable for elementary students.
addition-subtraction,Write a short word problem where students first add and then subtract using school supplies. Make it slightly challenging. Use whole numbers only.
addition-subtraction,Create a two-step problem that asks students to find a missing total after adding and subtracting garden plants. Use simple vocabulary suitable for elementary students.
addition-subtraction,"Create a true-or-false question with a brief explanation about bus passengers that combines addition and subtraction. Make it easy. Ask for a written answer, not a drawing."
addition-subtraction,Write a short word problem where students first add and then subtract using colored blocks. Make it slightly challenging. Keep the question under 45 words.
addition-subtraction,Create a short word problem about sports balls that combines addition and subtraction. Make it moderate. Add one short hint.
addition-subtraction,Write a real-life classroom problem where students first add and then subtract using sports balls. Make it easy. Keep the question under 45 words.
addition-subtraction,Create a simple challenge question about pencils that combines addition and subtraction. Make it very easy. Keep the question under 45 words.
addition-subtraction,Create a two-step problem about pencils that combines addition and subtraction. Make it moderate. Include the correct answer.
addition-subtraction,Generate a true-or-false question with a brief explanation about comparing an initial amount and a final amount of water bottles using addition and subtraction. Avoid decimals and negative numbers.
addition-subtraction,"Write a question that asks students to explain their reasoning where students first add and then subtract using toy cars. Make it easy. Ask for a written answer, not a drawing."
addition-subtraction,Write a short word problem where students first add and then subtract using recycling bins. Make it moderate. Avoid decimals and negative numbers.
addition-subtraction,Write a short word problem with three quantities related to classroom chairs. Students must decide whether to add or subtract. Use simple vocabulary suitable for elementary students.
addition-subtraction,Write a short word problem with three quantities related to notebooks. Students must decide whether to add or subtract. Keep the question under 45 words.
addition-subtraction,Write a multiple-choice question with four options where students first add and then subtract using pencils. Make it very easy. Use simple vocabulary suitable for elementary students.
addition-subtraction,Write a true-or-false question with a brief explanation where students first add and then subtract using birthday candles. Make it easy. Add one short hint.
addition-subtraction,Write a two-step problem where students first add and then subtract using classroom chairs. Make it moderate. Make the numbers easy to calculate mentally.
addition-subtraction,Write a short word problem with three quantities related to school supplies. Students must decide whether to add or subtract. Include the correct answer.
addition-subtraction,"Write a short word problem where students first add and then subtract using cookies. Make it very easy. Ask for a written answer, not a drawing."
addition-subtraction,Write a simple challenge question where students first add and then subtract using animals on a farm. Make it slightly challenging. Use simple vocabulary suitable for elementary students.
addition-subtraction,Write a two-step problem where students first add and then subtract using marbles. Make it easy. Make the numbers easy to calculate mentally.
addition-subtraction,Write a true-or-false question with a brief explanation where students first add and then subtract using water bottles. Make it moderate. Add one short hint.
addition-subtraction,Create a simple challenge question that asks students to find a missing total after adding and subtracting fruit baskets. Keep the question under 45 words.
addition-subtraction,Create a real-life classroom problem about colored blocks that combines addition and subtraction. Make it very easy. Add one short hint.
addition-subtraction,Write a question that asks students to explain their reasoning where students first add and then subtract using colored blocks. Make it moderate. Include the correct answer.
addition-subtraction,Write a real-life classroom problem where students first add and then subtract using marbles. Make it slightly challenging. Include the correct answer.
addition-subtraction,Generate a real-life classroom problem about comparing an initial amount and a final amount of cookies using addition and subtraction. Make the numbers easy to calculate mentally.
addition-subtraction,Write a simple challenge question where students first add and then subtract using notebooks. Make it slightly challenging. Include the correct answer.
addition-subtraction,Generate a simple challenge question about comparing an initial amount and a final amount of recycling bins using addition and subtraction. Add one short hint.
addition-subtraction,Write a true-or-false question with a brief explanation where students first add and then subtract using flowers. Make it easy. Add one short hint.
addition-subtraction,Write a two-step problem where students first add and then subtract using classroom chairs. Make it slightly challenging. Use whole numbers only.
addition-subtraction,Generate a simple challenge question using two operations: one addition and one subtraction. Use stickers. Use simple vocabulary suitable for elementary students.
addition-subtraction,Write a fill-in-the-blank question where students first add and then subtract using garden plants. Make it very easy. Use whole numbers only.
addition-subtraction,Write a short word problem where students first add and then subtract using books. Make it easy. Use whole numbers only.
addition-subtraction,Generate a short word problem using two operations: one addition and one subtraction. Use stickers. Avoid decimals and negative numbers.
addition-subtraction,Write a two-step problem where students first add and then subtract using marbles. Make it very easy. Make the numbers easy to calculate mentally.
addition-subtraction,Create a two-step problem about colored blocks that combines addition and subtraction. Make it easy. Make the numbers easy to calculate mentally.
addition-subtraction,Write a question that asks students to explain their reasoning where students first add and then subtract using notebooks. Make it easy. Add one short hint.
addition-subtraction,Create a true-or-false question with a brief explanation about flowers that combines addition and subtraction. Make it moderate. Add one short hint.
addition-subtraction,Write a real-life classroom problem with three quantities related to flowers. Students must decide whether to add or subtract. Keep the question under 45 words.
addition-subtraction,"Generate a simple challenge question about comparing an initial amount and a final amount of colored blocks using addition and subtraction. Ask for a written answer, not a drawing."
addition-subtraction,Create a fill-in-the-blank question that asks students to find a missing total after adding and subtracting cookies. Include the correct answer.
addition-subtraction,Generate a true-or-false question with a brief explanation about comparing an initial amount and a final amount of pencils using addition and subtraction. Keep the question under 45 words.
addition-subtraction,Create a two-step problem about animals on a farm that combines addition and subtraction. Make it very easy. Add one short hint.
addition-subtraction,Write a simple challenge question where students first add and then subtract using stickers. Make it easy. Include the correct answer.
addition-subtraction,Create a fill-in-the-blank question that asks students to find a missing total after adding and subtracting stickers. Avoid decimals and negative numbers.
addition-subtraction,"Create a short word problem about animals on a farm that combines addition and subtraction. Make it very easy. Ask for a written answer, not a drawing."
addition-subtraction,Write a short word problem where students first add and then subtract using stickers. Make it slightly challenging. Keep the question under 45 words.
addition-subtraction,Write a question that asks students to explain their reasoning where students first add and then subtract using sports balls. Make it slightly challenging. Avoid decimals and negative numbers.
addition-subtraction,Create a two-step problem that asks students to find a missing total after adding and subtracting sports balls. Use simple vocabulary suitable for elementary students.
addition-subtraction,Create a true-or-false question with a brief explanation about coins that combines addition and subtraction. Make it easy. Make the numbers easy to calculate mentally.
addition-subtraction,Write a short word problem with three quantities related to water bottles. Students must decide whether to add or subtract. Keep the question under 45 words.
addition-subtraction,Generate a short word problem using two operations: one addition and one subtraction. Use flowers. Keep the question under 45 words.
addition-subtraction,Generate a question that asks students to explain their reasoning about comparing an initial amount and a final amount of books using addition and subtraction. Make the numbers easy to calculate mentally.
addition-subtraction,Write a two-step problem where students first add and then subtract using pencils. Make it moderate. Make the numbers easy to calculate mentally.
addition-subtraction,"Write a simple challenge question where students first add and then subtract using colored blocks. Make it moderate. Ask for a written answer, not a drawing."
addition-subtraction,Write a two-step problem where students first add and then subtract using fruit baskets. Make it slightly challenging. Add one short hint.
addition-subtraction,Write a two-step problem with three quantities related to coins. Students must decide whether to add or subtract. Avoid decimals and negative numbers.
addition-subtraction,Write a true-or-false question with a brief explanation with three quantities related to school supplies. Students must decide whether to add or subtract. Avoid decimals and negative numbers.
addition-subtraction,Create a fill-in-the-blank question about notebooks that combines addition and subtraction. Make it easy. Make the numbers easy to calculate mentally.
addition-subtraction,"Generate a multiple-choice question with four options using two operations: one addition and one subtraction. Use colored blocks. Ask for a written answer, not a drawing."
addition-subtraction,Create a fill-in-the-blank question about garden plants that combines addition and subtraction. Make it slightly challenging. Use whole numbers only.
addition-subtraction,Create a fill-in-the-blank question about cookies that combines addition and subtraction. Make it slightly challenging. Make the numbers easy to calculate mentally.
addition-subtraction,Write a multiple-choice question with four options where students first add and then subtract using birthday candles. Make it easy. Include the correct answer.
addition-subtraction,"Create a real-life classroom problem about garden plants that combines addition and subtraction. Make it moderate. Ask for a written answer, not a drawing."
addition-subtraction,Create a true-or-false question with a brief explanation about colored blocks that combines addition and subtraction. Make it very easy. Use simple vocabulary suitable for elementary students.
addition-subtraction,"Write a simple challenge question where students first add and then subtract using notebooks. Make it slightly challenging. Ask for a written answer, not a drawing."
addition-subtraction,Write a real-life classroom problem where students first add and then subtract using bus passengers. Make it easy. Add one short hint.
addition-subtraction,Generate a true-or-false question with a brief explanation about comparing an initial amount and a final amount of pencils using addition and subtraction. Include the correct answer.
addition-subtraction,"Write a simple challenge question with three quantities related to bus passengers. Students must decide whether to add or subtract. Ask for a written answer, not a drawing."
addition-subtraction,"Generate a question that asks students to explain their reasoning about comparing an initial amount and a final amount of bus passengers using addition and subtraction. Ask for a written answer, not a drawing."
addition-subtraction,Create a multiple-choice question with four options about marbles that combines addition and subtraction. Make it slightly challenging. Avoid decimals and negative numbers.
addition-subtraction,Write a short word problem where students first add and then subtract using notebooks. Make it moderate. Use simple vocabulary suitable for elementary students.
addition-subtraction,Generate a real-life classroom problem about comparing an initial amount and a final amount of books using addition and subtraction. Use simple vocabulary suitable for elementary students.
addition-subtraction,Create a multiple-choice question with four options about toy cars that combines addition and subtraction. Make it very easy. Use simple vocabulary suitable for elementary students.
addition-subtraction,Write a multiple-choice question with four options where students first add and then subtract using cookies. Make it easy. Use whole numbers only.
addition-subtraction,Create a simple challenge question about toy cars that combines addition and subtraction. Make it slightly challenging. Add one short hint.
addition-subtraction,Create a multiple-choice question with four options that asks students to find a missing total after adding and subtracting pencils. Use simple vocabulary suitable for elementary students.
addition-subtraction,Create a true-or-false question with a brief explanation about water bottles that combines addition and subtraction. Make it moderate. Add one short hint.
addition-subtraction,Create a question that asks students to explain their reasoning about marbles that combines addition and subtraction. Make it moderate. Keep the question under 45 words.
addition-subtraction,Create a real-life classroom problem about garden plants that combines addition and subtraction. Make it easy. Use simple vocabulary suitable for elementary students.
addition-subtraction,"Write a real-life classroom problem where students first add and then subtract using colored blocks. Make it easy. Ask for a written answer, not a drawing."
addition-subtraction,Generate a simple challenge question about comparing an initial amount and a final amount of fruit baskets using addition and subtraction. Include the correct answer.
addition-subtraction,Create a simple challenge question about classroom chairs that combines addition and subtraction. Make it easy. Add one short hint.
addition-subtraction,Create a question that asks students to explain their reasoning about coins that combines addition and subtraction. Make it very easy. Avoid decimals and negative numbers.
addition-subtraction,Write a true-or-false question with a brief explanation where students first add and then subtract using school supplies. Make it slightly challenging. Include the correct answer.
addition-subtraction,Write a real-life classroom problem where students first add and then subtract using school supplies. Make it slightly challenging. Avoid decimals and negative numbers.
addition-subtraction,"Generate a two-step problem about comparing an initial amount and a final amount of cookies using addition and subtraction. Ask for a written answer, not a drawing."
addition-subtraction,Create a real-life classroom problem about books that combines addition and subtraction. Make it moderate. Use simple vocabulary suitable for elementary students.
addition-subtraction,Write a question that asks students to explain their reasoning where students first add and then subtract using notebooks. Make it slightly challenging. Avoid decimals and negative numbers.
addition-subtraction,Create a two-step problem about fruit baskets that combines addition and subtraction. Make it moderate. Avoid decimals and negative numbers.
addition-subtraction,Generate a short word problem about comparing an initial amount and a final amount of toy cars using addition and subtraction. Use simple vocabulary suitable for elementary students.
addition-subtraction,Write a fill-in-the-blank question where students first add and then subtract using stickers. Make it easy. Use whole numbers only.
addition-subtraction,Create a simple challenge question that asks students to find a missing total after adding and subtracting garden plants. Avoid decimals and negative numbers.
addition-subtraction,Write a real-life classroom problem with three quantities related to garden plants. Students must decide whether to add or subtract. Make the numbers easy to calculate mentally.
addition-subtraction,Create a fill-in-the-blank question about bus passengers that combines addition and subtraction. Make it very easy. Use simple vocabulary suitable for elementary students.
addition-subtraction,"Create a two-step problem about sports balls that combines addition and subtraction. Make it easy. Ask for a written answer, not a drawing."
addition-subtraction,Write a question that asks students to explain their reasoning where students first add and then subtract using sports balls. Make it easy. Use whole numbers only.
addition-subtraction,Write a true-or-false question with a brief explanation where students first add and then subtract using notebooks. Make it moderate. Make the numbers easy to calculate mentally.
addition-subtraction,Create a question that asks students to explain their reasoning that asks students to find a missing total after adding and subtracting bus passengers. Use simple vocabulary suitable for elementary students.
addition-subtraction,Create a true-or-false question with a brief explanation about toy cars that combines addition and subtraction. Make it easy. Avoid decimals and negative numbers.
addition-subtraction,"Generate a multiple-choice question with four options about comparing an initial amount and a final amount of fruit baskets using addition and subtraction. Ask for a written answer, not a drawing."
subtraction,Create a two-step problem about finding a missing part using subtraction and water bottles. Keep the question under 45 words.
subtraction,Write a short word problem where students subtract a smaller whole number from a larger one using classroom chairs. Avoid decimals and negative numbers.
subtraction,Write a real-life classroom problem where students subtract a smaller whole number from a larger one using marbles. Add one short hint.
subtraction,Create a fill-in-the-blank question about subtracting quantities of books. Make it easy. Avoid decimals and negative numbers.
subtraction,Create a fill-in-the-blank question about subtracting quantities of pencils. Make it very easy. Add one short hint.
subtraction,Write a multiple-choice question with four options where students find how many fruit baskets remain after some are removed. Make the numbers easy to calculate mentally.
subtraction,Write a multiple-choice question with four options where students find how many notebooks remain after some are removed. Include the correct answer.
subtraction,"Create a simple challenge question about subtracting quantities of classroom chairs. Make it easy. Ask for a written answer, not a drawing."
subtraction,"Create a two-step problem about finding a missing part using subtraction and books. Ask for a written answer, not a drawing."
subtraction,Create a short word problem about subtracting quantities of toy cars. Make it easy. Use simple vocabulary suitable for elementary students.
subtraction,Create a multiple-choice question with four options about subtracting quantities of colored blocks. Make it slightly challenging. Make the numbers easy to calculate mentally.
subtraction,"Create a question that asks students to explain their reasoning about subtracting quantities of notebooks. Make it slightly challenging. Ask for a written answer, not a drawing."
subtraction,"Create a short word problem about subtracting quantities of toy cars. Make it easy. Ask for a written answer, not a drawing."
subtraction,"Create a short word problem about subtracting quantities of garden plants. Make it slightly challenging. Ask for a written answer, not a drawing."
subtraction,Create a fill-in-the-blank question about subtracting quantities of fruit baskets. Make it moderate. Add one short hint.
subtraction,"Create a question that asks students to explain their reasoning about subtracting quantities of toy cars. Make it slightly challenging. Ask for a written answer, not a drawing."
subtraction,Create a multiple-choice question with four options about finding a missing part using subtraction and flowers. Use whole numbers only.
subtraction,Create a multiple-choice question with four options about subtracting quantities of recycling bins. Make it slightly challenging. Add one short hint.
subtraction,Create a simple challenge question about subtracting quantities of toy cars. Make it moderate. Make the numbers easy to calculate mentally.
subtraction,Generate a two-step problem that asks for the difference between two quantities of classroom chairs. Add one short hint.
subtraction,"Create a real-life classroom problem about finding a missing part using subtraction and garden plants. Ask for a written answer, not a drawing."
subtraction,"Create a short word problem about subtracting quantities of classroom chairs. Make it moderate. Ask for a written answer, not a drawing."
subtraction,Create a multiple-choice question with four options about subtracting quantities of marbles. Make it moderate. Include the correct answer.
subtraction,Generate a simple challenge question that asks for the difference between two quantities of coins. Use whole numbers only.
subtraction,Create a question that asks students to explain their reasoning about subtracting quantities of coins. Make it slightly challenging. Add one short hint.
subtraction,Create a short word problem about subtracting quantities of marbles. Make it very easy. Use simple vocabulary suitable for elementary students.
subtraction,Create a fill-in-the-blank question about subtracting quantities of cookies. Make it slightly challenging. Use whole numbers only.
subtraction,Write a short word problem where students subtract a smaller whole number from a larger one using garden plants. Make the numbers easy to calculate mentally.
subtraction,"Write a simple challenge question where students find how many garden plants remain after some are removed. Ask for a written answer, not a drawing."
subtraction,Create a real-life classroom problem about subtracting quantities of books. Make it slightly challenging. Include the correct answer.
subtraction,Create a true-or-false question with a brief explanation about subtracting quantities of classroom chairs. Make it moderate. Make the numbers easy to calculate mentally.
subtraction,Create a simple challenge question about subtracting quantities of animals on a farm. Make it easy. Avoid decimals and negative numbers.
subtraction,Create a multiple-choice question with four options about subtracting quantities of stickers. Make it moderate. Make the numbers easy to calculate mentally.
subtraction,Generate a fill-in-the-blank question that teaches subtraction as taking away in a situation involving coins. Make the numbers easy to calculate mentally.
subtraction,Create a true-or-false question with a brief explanation about subtracting quantities of school supplies. Make it easy. Include the correct answer.
subtraction,Create a true-or-false question with a brief explanation about subtracting quantities of flowers. Make it easy. Include the correct answer.
subtraction,Create a two-step problem about subtracting quantities of fruit baskets. Make it easy. Keep the question under 45 words.
subtraction,Generate a two-step problem that asks for the difference between two quantities of water bottles. Use whole numbers only.
subtraction,Generate a two-step problem that teaches subtraction as taking away in a situation involving coins. Use simple vocabulary suitable for elementary students.
subtraction,Create a multiple-choice question with four options about subtracting quantities of sports balls. Make it very easy. Make the numbers easy to calculate mentally.
subtraction,Create a short word problem about finding a missing part using subtraction and water bottles. Add one short hint.
subtraction,Create a true-or-false question with a brief explanation about subtracting quantities of stickers. Make it slightly challenging. Include the correct answer.
subtraction,Create a simple challenge question about subtracting quantities of water bottles. Make it moderate. Avoid decimals and negative numbers.
subtraction,Create a real-life classroom problem about subtracting quantities of marbles. Make it easy. Include the correct answer.
subtraction,Generate a question that asks students to explain their reasoning that teaches subtraction as taking away in a situation involving toy cars. Make the numbers easy to calculate mentally.
subtraction,Create a two-step problem about subtracting quantities of pencils. Make it very easy. Keep the question under 45 words.
subtraction,Create a question that asks students to explain their reasoning about subtracting quantities of marbles. Make it slightly challenging. Use whole numbers only.
subtraction,Create a true-or-false question with a brief explanation about finding a missing part using subtraction and fruit baskets. Include the correct answer.
subtraction,Generate a real-life classroom problem that asks for the difference between two quantities of books. Avoid decimals and negative numbers.
subtraction,Create a fill-in-the-blank question about finding a missing part using subtraction and books. Add one short hint.
subtraction,Create a fill-in-the-blank question about subtracting quantities of birthday candles. Make it moderate. Include the correct answer.
subtraction,Create a simple challenge question about subtracting quantities of sports balls. Make it easy. Use whole numbers only.
subtraction,Create a true-or-false question with a brief explanation about subtracting quantities of colored blocks. Make it slightly challenging. Use simple vocabulary suitable for elementary students.
subtraction,Write a true-or-false question with a brief explanation where students subtract a smaller whole number from a larger one using stickers. Keep the question under 45 words.
subtraction,Create a short word problem about subtracting quantities of marbles. Make it slightly challenging. Avoid decimals and negative numbers.
subtraction,Create a two-step problem about subtracting quantities of notebooks. Make it very easy. Add one short hint.
subtraction,"Generate a true-or-false question with a brief explanation that asks for the difference between two quantities of recycling bins. Ask for a written answer, not a drawing."
subtraction,Create a true-or-false question with a brief explanation about subtracting quantities of books. Make it easy. Include the correct answer.
subtraction,"Create a short word problem about subtracting quantities of notebooks. Make it very easy. Ask for a written answer, not a drawing."
subtraction,Generate a fill-in-the-blank question that teaches subtraction as taking away in a situation involving colored blocks. Include the correct answer.
subtraction,Generate a true-or-false question with a brief explanation that asks for the difference between two quantities of cookies. Avoid decimals and negative numbers.
subtraction,Create a question that asks students to explain their reasoning about subtracting quantities of pencils. Make it easy. Use whole numbers only.
subtraction,Create a question that asks students to explain their reasoning about finding a missing part using subtraction and water bottles. Avoid decimals and negative numbers.
subtraction,Create a true-or-false question with a brief explanation about subtracting quantities of toy cars. Make it very easy. Use whole numbers only.
subtraction,Create a simple challenge question about subtracting quantities of notebooks. Make it slightly challenging. Include the correct answer.
subtraction,Write a simple challenge question where students find how many flowers remain after some are removed. Include the correct answer.
subtraction,Generate a fill-in-the-blank question that teaches subtraction as taking away in a situation involving pencils. Use simple vocabulary suitable for elementary students.
subtraction,Create a question that asks students to explain their reasoning about subtracting quantities of books. Make it very easy. Keep the question under 45 words.
subtraction,Create a simple challenge question about subtracting quantities of colored blocks. Make it moderate. Use whole numbers only.
subtraction,Create a question that asks students to explain their reasoning about subtracting quantities of recycling bins. Make it easy. Use whole numbers only.
subtraction,Create a fill-in-the-blank question about subtracting quantities of marbles. Make it very easy. Use whole numbers only.
subtraction,Create a multiple-choice question with four options about subtracting quantities of birthday candles. Make it slightly challenging. Use simple vocabulary suitable for elementary students.
subtraction,Generate a two-step problem that asks for the difference between two quantities of school supplies. Use simple vocabulary suitable for elementary students.
subtraction,Generate a multiple-choice question with four options that asks for the difference between two quantities of birthday candles. Use whole numbers only.
subtraction,Write a true-or-false question with a brief explanation where students find how many marbles remain after some are removed. Use simple vocabulary suitable for elementary students.
subtraction,Create a true-or-false question with a brief explanation about subtracting quantities of notebooks. Make it slightly challenging. Keep the question under 45 words.
subtraction,Create a two-step problem about subtracting quantities of pencils. Make it moderate. Use whole numbers only.
subtraction,Create a real-life classroom problem about subtracting quantities of marbles. Make it very easy. Add one short hint.
subtraction,Create a true-or-false question with a brief explanation about finding a missing part using subtraction and colored blocks. Avoid decimals and negative numbers.
subtraction,Generate a true-or-false question with a brief explanation that teaches subtraction as taking away in a situation involving bus passengers. Add one short hint.
subtraction,Create a true-or-false question with a brief explanation about subtracting quantities of classroom chairs. Make it slightly challenging. Make the numbers easy to calculate mentally.
subtraction,Create a fill-in-the-blank question about subtracting quantities of recycling bins. Make it slightly challenging. Make the numbers easy to calculate mentally.
subtraction,Write a multiple-choice question with four options where students subtract a smaller whole number from a larger one using toy cars. Make the numbers easy to calculate mentally.
subtraction,Create a multiple-choice question with four options about subtracting quantities of pencils. Make it slightly challenging. Keep the question under 45 words.
subtraction,Create a simple challenge question about subtracting quantities of sports balls. Make it moderate. Include the correct answer.
subtraction,Write a simple challenge question where students subtract a smaller whole number from a larger one using animals on a farm. Keep the question under 45 words.
subtraction,Create a question that asks students to explain their reasoning about finding a missing part using subtraction and pencils. Make the numbers easy to calculate mentally.
subtraction,Generate a fill-in-the-blank question that teaches subtraction as taking away in a situation involving animals on a farm. Make the numbers easy to calculate mentally.
subtraction,Write a true-or-false question with a brief explanation where students subtract a smaller whole number from a larger one using school supplies. Keep the question under 45 words.
subtraction,Write a fill-in-the-blank question where students subtract a smaller whole number from a larger one using school supplies. Add one short hint.
subtraction,Write a real-life classroom problem where students subtract a smaller whole number from a larger one using garden plants. Keep the question under 45 words.
subtraction,Create a multiple-choice question with four options about subtracting quantities of stickers. Make it easy. Add one short hint.
subtraction,Create a true-or-false question with a brief explanation about subtracting quantities of bus passengers. Make it easy. Use whole numbers only.
subtraction,Create a real-life classroom problem about finding a missing part using subtraction and bus passengers. Use whole numbers only.
subtraction,Create a short word problem about subtracting quantities of pencils. Make it moderate. Use whole numbers only.
subtraction,Create a real-life classroom problem about subtracting quantities of books. Make it easy. Use whole numbers only.
subtraction,Generate a question that asks students to explain their reasoning that teaches subtraction as taking away in a situation involving birthday candles. Use simple vocabulary suitable for elementary students.
subtraction,Write a short word problem where students find how many garden plants remain after some are removed. Use simple vocabulary suitable for elementary students.
subtraction,"Create a question that asks students to explain their reasoning about subtracting quantities of birthday candles. Make it easy. Ask for a written answer, not a drawing."
subtraction,Create a question that asks students to explain their reasoning about subtracting quantities of marbles. Make it moderate. Keep the question under 45 words.
subtraction,Create a fill-in-the-blank question about finding a missing part using subtraction and classroom chairs. Add one short hint.
subtraction,Generate a true-or-false question with a brief explanation that asks for the difference between two quantities of notebooks. Use whole numbers only.
subtraction,Create a multiple-choice question with four options about finding a missing part using subtraction and marbles. Make the numbers easy to calculate mentally.
subtraction,Generate a two-step problem that teaches subtraction as taking away in a situation involving water bottles. Add one short hint.
subtraction,Write a true-or-false question with a brief explanation where students subtract a smaller whole number from a larger one using pencils. Avoid decimals and negative numbers.
subtraction,Create a question that asks students to explain their reasoning about subtracting quantities of cookies. Make it very easy. Add one short hint.
subtraction,Generate a question that asks students to explain their reasoning that teaches subtraction as taking away in a situation involving notebooks. Make the numbers easy to calculate mentally.
subtraction,Create a two-step problem about subtracting quantities of garden plants. Make it easy. Make the numbers easy to calculate mentally.
subtraction,Write a two-step problem where students find how many school supplies remain after some are removed. Include the correct answer.
subtraction,Generate a fill-in-the-blank question that asks for the difference between two quantities of fruit baskets. Keep the question under 45 words.
subtraction,"Create a true-or-false question with a brief explanation about subtracting quantities of notebooks. Make it moderate. Ask for a written answer, not a drawing."
subtraction,Create a true-or-false question with a brief explanation about finding a missing part using subtraction and recycling bins. Keep the question under 45 words.
subtraction,Create a simple challenge question about subtracting quantities of notebooks. Make it moderate. Avoid decimals and negative numbers.
subtraction,Create a simple challenge question about subtracting quantities of books. Make it slightly challenging. Add one short hint.
subtraction,Create a short word problem about subtracting quantities of school supplies. Make it moderate. Use simple vocabulary suitable for elementary students.
subtraction,Generate a multiple-choice question with four options that teaches subtraction as taking away in a situation involving cookies. Use whole numbers only.
subtraction,Create a multiple-choice question with four options about subtracting quantities of pencils. Make it easy. Avoid decimals and negative numbers.
subtraction,Create a simple challenge question about subtracting quantities of marbles. Make it easy. Use whole numbers only.
subtraction,Generate a true-or-false question with a brief explanation that asks for the difference between two quantities of toy cars. Make the numbers easy to calculate mentally.
subtraction,Generate a multiple-choice question with four options that teaches subtraction as taking away in a situation involving toy cars. Use whole numbers only.
subtraction,Generate a short word problem that teaches subtraction as taking away in a situation involving sports balls. Include the correct answer.
subtraction,Create a true-or-false question with a brief explanation about subtracting quantities of flowers. Make it easy. Keep the question under 45 words.
subtraction,Create a two-step problem about subtracting quantities of notebooks. Make it easy. Use whole numbers only.
subtraction,Generate a true-or-false question with a brief explanation that asks for the difference between two quantities of marbles. Make the numbers easy to calculate mentally.
subtraction,Create a short word problem about subtracting quantities of coins. Make it very easy. Use whole numbers only.
subtraction,Write a short word problem where students subtract a smaller whole number from a larger one using school supplies. Use simple vocabulary suitable for elementary students.
subtraction,Create a real-life classroom problem about subtracting quantities of school supplies. Make it moderate. Keep the question under 45 words.
subtraction,Create a two-step problem about subtracting quantities of garden plants. Make it moderate. Avoid decimals and negative numbers.
subtraction,Create a simple challenge question about subtracting quantities of water bottles. Make it very easy. Add one short hint.
subtraction,Write a fill-in-the-blank question where students find how many coins remain after some are removed. Use whole numbers only.
subtraction,Write a real-life classroom problem where students find how many colored blocks remain after some are removed. Make the numbers easy to calculate mentally.
subtraction,Write a simple challenge question where students find how many toy cars remain after some are removed. Use whole numbers only.
subtraction,Create a question that asks students to explain their reasoning about subtracting quantities of books. Make it slightly challenging. Use simple vocabulary suitable for elementary students.
subtraction,Create a multiple-choice question with four options about subtracting quantities of cookies. Make it slightly challenging. Add one short hint.
subtraction,Create a short word problem about subtracting quantities of stickers. Make it moderate. Add one short hint.
subtraction,Create a multiple-choice question with four options about finding a missing part using subtraction and marbles. Include the correct answer.
subtraction,Generate a multiple-choice question with four options that teaches subtraction as taking away in a situation involving recycling bins. Use simple vocabulary suitable for elementary students.
subtraction,"Write a true-or-false question with a brief explanation where students find how many colored blocks remain after some are removed. Ask for a written answer, not a drawing."
subtraction,Write a real-life classroom problem where students subtract a smaller whole number from a larger one using stickers. Use whole numbers only.
subtraction,Generate a short word problem that asks for the difference between two quantities of bus passengers. Include the correct answer.
subtraction,Create a real-life classroom problem about finding a missing part using subtraction and cookies. Add one short hint.
subtraction,Create a multiple-choice question with four options about subtracting quantities of water bottles. Make it very easy. Include the correct answer.
subtraction,Write a question that asks students to explain their reasoning where students find how many pencils remain after some are removed. Keep the question under 45 words.
subtraction,"Generate a multiple-choice question with four options that teaches subtraction as taking away in a situation involving fruit baskets. Ask for a written answer, not a drawing."
subtraction,Write a real-life classroom problem where students find how many flowers remain after some are removed. Use simple vocabulary suitable for elementary students.
subtraction,Generate a true-or-false question with a brief explanation that teaches subtraction as taking away in a situation involving flowers. Use simple vocabulary suitable for elementary students.
subtraction,Generate a multiple-choice question with four options that asks for the difference between two quantities of animals on a farm. Keep the question under 45 words.
subtraction,Create a simple challenge question about subtracting quantities of fruit baskets. Make it moderate. Include the correct answer.
subtraction,Create a fill-in-the-blank question about subtracting quantities of bus passengers. Make it easy. Include the correct answer.
subtraction,Generate a simple challenge question that asks for the difference between two quantities of garden plants. Use simple vocabulary suitable for elementary students.
subtraction,Write a real-life classroom problem where students find how many sports balls remain after some are removed. Use simple vocabulary suitable for elementary students.
subtraction,Create a simple challenge question about subtracting quantities of animals on a farm. Make it slightly challenging. Make the numbers easy to calculate mentally.
subtraction,Create a two-step problem about finding a missing part using subtraction and water bottles. Avoid decimals and negative numbers.
subtraction,"Create a short word problem about subtracting quantities of colored blocks. Make it easy. Ask for a written answer, not a drawing."
subtraction,Create a short word problem about subtracting quantities of cookies. Make it very easy. Include the correct answer.
subtraction,Create a question that asks students to explain their reasoning about subtracting quantities of bus passengers. Make it easy. Add one short hint.
subtraction,Create a question that asks students to explain their reasoning about subtracting quantities of cookies. Make it slightly challenging. Use simple vocabulary suitable for elementary students.
subtraction,Generate a fill-in-the-blank question that asks for the difference between two quantities of bus passengers. Use whole numbers only.
subtraction,Generate a short word problem that teaches subtraction as taking away in a situation involving notebooks. Add one short hint.
subtraction,"Write a question that asks students to explain their reasoning where students find how many water bottles remain after some are removed. Ask for a written answer, not a drawing."
subtraction,Create a multiple-choice question with four options about subtracting quantities of flowers. Make it easy. Avoid decimals and negative numbers.
subtraction,Create a fill-in-the-blank question about subtracting quantities of classroom chairs. Make it slightly challenging. Make the numbers easy to calculate mentally.
subtraction,Generate a real-life classroom problem that teaches subtraction as taking away in a situation involving flowers. Use whole numbers only.
subtraction,Generate a fill-in-the-blank question that teaches subtraction as taking away in a situation involving water bottles. Make the numbers easy to calculate mentally.
subtraction,Create a question that asks students to explain their reasoning about subtracting quantities of animals on a farm. Make it very easy. Use simple vocabulary suitable for elementary students.
subtraction,Create a multiple-choice question with four options about subtracting quantities of flowers. Make it slightly challenging. Include the correct answer.
subtraction,Create a real-life classroom problem about subtracting quantities of birthday candles. Make it slightly challenging. Keep the question under 45 words.
subtraction,Write a two-step problem where students find how many pencils remain after some are removed. Use whole numbers only.
subtraction,Generate a multiple-choice question with four options that teaches subtraction as taking away in a situation involving cookies. Keep the question under 45 words.
subtraction,"Create a true-or-false question with a brief explanation about finding a missing part using subtraction and water bottles. Ask for a written answer, not a drawing."
subtraction,Write a two-step problem where students find how many flowers remain after some are removed. Avoid decimals and negative numbers.
subtraction,Generate a true-or-false question with a brief explanation that asks for the difference between two quantities of sports balls. Keep the question under 45 words.
subtraction,Generate a two-step problem that teaches subtraction as taking away in a situation involving cookies. Use simple vocabulary suitable for elementary students.
subtraction,Generate a fill-in-the-blank question that asks for the difference between two quantities of birthday candles. Use whole numbers only.
subtraction,"Create a short word problem about subtracting quantities of school supplies. Make it easy. Ask for a written answer, not a drawing."
subtraction,Write a multiple-choice question with four options where students find how many pencils remain after some are removed. Avoid decimals and negative numbers.
subtraction,Create a two-step problem about subtracting quantities of birthday candles. Make it moderate. Add one short hint.
subtraction,Create a simple challenge question about subtracting quantities of garden plants. Make it easy. Keep the question under 45 words.
subtraction,Generate a real-life classroom problem that teaches subtraction as taking away in a situation involving animals on a farm. Avoid decimals and negative numbers.
subtraction,Create a question that asks students to explain their reasoning about subtracting quantities of classroom chairs. Make it slightly challenging. Use simple vocabulary suitable for elementary students.
subtraction,Generate a simple challenge question that teaches subtraction as taking away in a situation involving coins. Avoid decimals and negative numbers.
subtraction,Create a simple challenge question about subtracting quantities of sports balls. Make it very easy. Keep the question under 45 words.
subtraction,Create a simple challenge question about subtracting quantities of recycling bins. Make it easy. Make the numbers easy to calculate mentally.
subtraction,"Create a real-life classroom problem about finding a missing part using subtraction and recycling bins. Ask for a written answer, not a drawing."
subtraction,Write a simple challenge question where students subtract a smaller whole number from a larger one using toy cars. Avoid decimals and negative numbers.
subtraction,Generate a two-step problem that asks for the difference between two quantities of toy cars. Avoid decimals and negative numbers.
subtraction,Create a question that asks students to explain their reasoning about subtracting quantities of fruit baskets. Make it slightly challenging. Make the numbers easy to calculate mentally.
subtraction,"Generate a multiple-choice question with four options that teaches subtraction as taking away in a situation involving recycling bins. Ask for a written answer, not a drawing."
subtraction,Write a fill-in-the-blank question where students subtract a smaller whole number from a larger one using sports balls. Keep the question under 45 words.
subtraction,"Create a true-or-false question with a brief explanation about finding a missing part using subtraction and coins. Ask for a written answer, not a drawing."
subtraction,Create a simple challenge question about subtracting quantities of books. Make it moderate. Use simple vocabulary suitable for elementary students.
subtraction,Write a fill-in-the-blank question where students subtract a smaller whole number from a larger one using school supplies. Include the correct answer.
subtraction,Create a true-or-false question with a brief explanation about subtracting quantities of garden plants. Make it slightly challenging. Include the correct answer.
subtraction,Generate a true-or-false question with a brief explanation that teaches subtraction as taking away in a situation involving colored blocks. Avoid decimals and negative numbers.
subtraction,Create a short word problem about subtracting quantities of garden plants. Make it very easy. Avoid decimals and negative numbers.
subtraction,Create a true-or-false question with a brief explanation about subtracting quantities of sports balls. Make it easy. Keep the question under 45 words.
subtraction,Create a multiple-choice question with four options about subtracting quantities of birthday candles. Make it moderate. Avoid decimals and negative numbers.
subtraction,Create a multiple-choice question with four options about subtracting quantities of water bottles. Make it moderate. Use whole numbers only.
subtraction,Generate a fill-in-the-blank question that teaches subtraction as taking away in a situation involving birthday candles. Use simple vocabulary suitable for elementary students.
subtraction,Create a short word problem about subtracting quantities of classroom chairs. Make it slightly challenging. Make the numbers easy to calculate mentally.
subtraction,Create a simple challenge question about subtracting quantities of sports balls. Make it very easy. Avoid decimals and negative numbers.
subtraction,Generate a multiple-choice question with four options that asks for the difference between two quantities of toy cars. Keep the question under 45 words.
subtraction,Create a question that asks students to explain their reasoning about subtracting quantities of bus passengers. Make it slightly challenging. Make the numbers easy to calculate mentally.
subtraction,"Generate a question that asks students to explain their reasoning that asks for the difference between two quantities of flowers. Ask for a written answer, not a drawing."
subtraction,Generate a question that asks students to explain their reasoning that asks for the difference between two quantities of water bottles. Include the correct answer.
subtraction,"Create a real-life classroom problem about subtracting quantities of recycling bins. Make it moderate. Ask for a written answer, not a drawing."
subtraction,Write a fill-in-the-blank question where students find how many flowers remain after some are removed. Avoid decimals and negative numbers.
subtraction,Generate a simple challenge question that teaches subtraction as taking away in a situation involving fruit baskets. Use whole numbers only.
subtraction,Write a true-or-false question with a brief explanation where students find how many birthday candles remain after some are removed. Keep the question under 45 words.
subtraction,Generate a two-step problem that teaches subtraction as taking away in a situation involving stickers. Include the correct answer.
subtraction,Create a real-life classroom problem about subtracting quantities of recycling bins. Make it easy. Include the correct answer.
subtraction,"Create a real-life classroom problem about subtracting quantities of garden plants. Make it moderate. Ask for a written answer, not a drawing."
subtraction,Create a short word problem about subtracting quantities of coins. Make it slightly challenging. Avoid decimals and negative numbers.
subtraction,Create a two-step problem about subtracting quantities of coins. Make it slightly challenging. Make the numbers easy to calculate mentally.
subtraction,Create a short word problem about subtracting quantities of garden plants. Make it easy. Use simple vocabulary suitable for elementary students.
subtraction,Create a short word problem about subtracting quantities of recycling bins. Make it easy. Use whole numbers only.
subtraction,"Create a real-life classroom problem about subtracting quantities of fruit baskets. Make it moderate. Ask for a written answer, not a drawing."
subtraction,Create a two-step problem about subtracting quantities of toy cars. Make it moderate. Use simple vocabulary suitable for elementary students.
subtraction,Write a true-or-false question with a brief explanation where students find how many bus passengers remain after some are removed. Make the numbers easy to calculate mentally.
subtraction,Create a two-step problem about subtracting quantities of school supplies. Make it moderate. Include the correct answer.
subtraction,"Create a two-step problem about subtracting quantities of classroom chairs. Make it very easy. Ask for a written answer, not a drawing."
subtraction,Generate a fill-in-the-blank question that teaches subtraction as taking away in a situation involving stickers. Make the numbers easy to calculate mentally.
subtraction,"Write a simple challenge question where students subtract a smaller whole number from a larger one using sports balls. Ask for a written answer, not a drawing."
subtraction,Create a short word problem about finding a missing part using subtraction and books. Include the correct answer.
subtraction,"Generate a question that asks students to explain their reasoning that teaches subtraction as taking away in a situation involving notebooks. Ask for a written answer, not a drawing."
subtraction,"Generate a fill-in-the-blank question that asks for the difference between two quantities of pencils. Ask for a written answer, not a drawing."
subtraction,Create a two-step problem about subtracting quantities of marbles. Make it moderate. Include the correct answer.
subtraction,"Create a multiple-choice question with four options about subtracting quantities of toy cars. Make it slightly challenging. Ask for a written answer, not a drawing."
subtraction,Write a simple challenge question where students subtract a smaller whole number from a larger one using animals on a farm. Make the numbers easy to calculate mentally.
subtraction,Write a real-life classroom problem where students find how many recycling bins remain after some are removed. Keep the question under 45 words.
subtraction,Create a short word problem about subtracting quantities of pencils. Make it easy. Make the numbers easy to calculate mentally.
subtraction,"Create a question that asks students to explain their reasoning about finding a missing part using subtraction and notebooks. Ask for a written answer, not a drawing."
subtraction,Write a true-or-false question with a brief explanation where students subtract a smaller whole number from a larger one using coins. Use whole numbers only.
subtraction,Create a question that asks students to explain their reasoning about subtracting quantities of school supplies. Make it slightly challenging. Add one short hint.
subtraction,Create a question that asks students to explain their reasoning about subtracting quantities of birthday candles. Make it very easy. Make the numbers easy to calculate mentally.
subtraction,Create a short word problem about subtracting quantities of toy cars. Make it very easy. Keep the question under 45 words.
subtraction,Write a two-step problem where students subtract a smaller whole number from a larger one using school supplies. Avoid decimals and negative numbers.
subtraction,Write a multiple-choice question with four options where students subtract a smaller whole number from a larger one using colored blocks. Use simple vocabulary suitable for elementary students.
subtraction,"Create a short word problem about subtracting quantities of fruit baskets. Make it easy. Ask for a written answer, not a drawing."
subtraction,Create a short word problem about subtracting quantities of fruit baskets. Make it very easy. Make the numbers easy to calculate mentally.
division-multiplication,Create a simple challenge question about marbles that uses both multiplication and division. Make it easy. Keep the question under 45 words.
division-multiplication,Write a simple challenge question where students decide whether multiplication or division is needed in a situation with fruit baskets. Use whole numbers only.
division-multiplication,Generate a question that asks students to explain their reasoning that connects a multiplication fact with its related division fact using coins. Keep the question under 45 words.
division-multiplication,"Create a multiple-choice question with four options about recycling bins that uses both multiplication and division. Make it slightly challenging. Ask for a written answer, not a drawing."
division-multiplication,Create a short word problem about bus passengers that uses both multiplication and division. Make it very easy. Use simple vocabulary suitable for elementary students.
division-multiplication,Create a question that asks students to explain their reasoning about recycling bins that uses both multiplication and division. Make it moderate. Use simple vocabulary suitable for elementary students.
division-multiplication,Write a two-step problem where equal groups of coins are formed and then divided. Avoid decimals and negative numbers.
division-multiplication,Write a two-step problem where students decide whether multiplication or division is needed in a situation with stickers. Add one short hint.
division-multiplication,Create a real-life classroom problem about pencils that uses both multiplication and division. Make it very easy. Add one short hint.
division-multiplication,"Create a multiple-choice question with four options about bus passengers that uses both multiplication and division. Make it moderate. Ask for a written answer, not a drawing."
division-multiplication,Create a short word problem about arrays or equal groups using toy cars. Include one multiplication and one division step. Add one short hint.
division-multiplication,Create a real-life classroom problem about classroom chairs that uses both multiplication and division. Make it moderate. Include the correct answer.
division-multiplication,Create a real-life classroom problem about arrays or equal groups using animals on a farm. Include one multiplication and one division step. Make the numbers easy to calculate mentally.
division-multiplication,"Generate a multiple-choice question with four options that connects a multiplication fact with its related division fact using fruit baskets. Ask for a written answer, not a drawing."
division-multiplication,Write a two-step problem where students decide whether multiplication or division is needed in a situation with marbles. Use whole numbers only.
division-multiplication,Create a fill-in-the-blank question about sports balls that uses both multiplication and division. Make it very easy. Add one short hint.
division-multiplication,Create a question that asks students to explain their reasoning about classroom chairs that uses both multiplication and division. Make it easy. Make the numbers easy to calculate mentally.
division-multiplication,Generate a simple challenge question that asks students to multiply to find a total and divide to share equally. Use colored blocks. Avoid decimals and negative numbers.
division-multiplication,Write a two-step problem where equal groups of fruit baskets are formed and then divided. Use whole numbers only.
division-multiplication,Write a simple challenge question where equal groups of animals on a farm are formed and then divided. Make the numbers easy to calculate mentally.
division-multiplication,Create a real-life classroom problem about arrays or equal groups using sports balls. Include one multiplication and one division step. Keep the question under 45 words.
division-multiplication,Create a real-life classroom problem about books that uses both multiplication and division. Make it slightly challenging. Include the correct answer.
division-multiplication,Create a true-or-false question with a brief explanation about flowers that uses both multiplication and division. Make it easy. Keep the question under 45 words.
division-multiplication,Generate a multiple-choice question with four options that asks students to multiply to find a total and divide to share equally. Use garden plants. Add one short hint.
division-multiplication,Generate a simple challenge question that connects a multiplication fact with its related division fact using cookies. Use simple vocabulary suitable for elementary students.
division-multiplication,Create a real-life classroom problem about marbles that uses both multiplication and division. Make it slightly challenging. Include the correct answer.
division-multiplication,Write a two-step problem where students decide whether multiplication or division is needed in a situation with notebooks. Use whole numbers only.
division-multiplication,Create a question that asks students to explain their reasoning about marbles that uses both multiplication and division. Make it moderate. Avoid decimals and negative numbers.
division-multiplication,Create a short word problem about birthday candles that uses both multiplication and division. Make it easy. Include the correct answer.
division-multiplication,Write a real-life classroom problem where students decide whether multiplication or division is needed in a situation with coins. Include the correct answer.
division-multiplication,Create a question that asks students to explain their reasoning about arrays or equal groups using garden plants. Include one multiplication and one division step. Add one short hint.
division-multiplication,Create a simple challenge question about arrays or equal groups using recycling bins. Include one multiplication and one division step. Include the correct answer.
division-multiplication,Create a fill-in-the-blank question about water bottles that uses both multiplication and division. Make it slightly challenging. Keep the question under 45 words.
division-multiplication,Write a fill-in-the-blank question where equal groups of stickers are formed and then divided. Keep the question under 45 words.
division-multiplication,Create a multiple-choice question with four options about coins that uses both multiplication and division. Make it easy. Avoid decimals and negative numbers.
division-multiplication,Create a two-step problem about sports balls that uses both multiplication and division. Make it easy. Include the correct answer.
division-multiplication,Create a two-step problem about toy cars that uses both multiplication and division. Make it very easy. Add one short hint.
division-multiplication,Create a question that asks students to explain their reasoning about arrays or equal groups using school supplies. Include one multiplication and one division step. Keep the question under 45 words.
division-multiplication,Create a short word problem about garden plants that uses both multiplication and division. Make it easy. Avoid decimals and negative numbers.
division-multiplication,Generate a true-or-false question with a brief explanation that connects a multiplication fact with its related division fact using pencils. Use whole numbers only.
division-multiplication,"Generate a real-life classroom problem that connects a multiplication fact with its related division fact using toy cars. Ask for a written answer, not a drawing."
division-multiplication,Write a fill-in-the-blank question where students decide whether multiplication or division is needed in a situation with flowers. Use whole numbers only.
division-multiplication,Write a simple challenge question where equal groups of toy cars are formed and then divided. Include the correct answer.
division-multiplication,Create a true-or-false question with a brief explanation about arrays or equal groups using cookies. Include one multiplication and one division step. Avoid decimals and negative numbers.
division-multiplication,Write a true-or-false question with a brief explanation where equal groups of stickers are formed and then divided. Add one short hint.
division-multiplication,Write a question that asks students to explain their reasoning where equal groups of fruit baskets are formed and then divided. Avoid decimals and negative numbers.
division-multiplication,"Create a short word problem about arrays or equal groups using classroom chairs. Include one multiplication and one division step. Ask for a written answer, not a drawing."
division-multiplication,Write a simple challenge question where equal groups of sports balls are formed and then divided. Make the numbers easy to calculate mentally.
division-multiplication,Write a short word problem where equal groups of stickers are formed and then divided. Use simple vocabulary suitable for elementary students.
division-multiplication,Create a true-or-false question with a brief explanation about marbles that uses both multiplication and division. Make it very easy. Use simple vocabulary suitable for elementary students.
division-multiplication,Write a two-step problem where equal groups of marbles are formed and then divided. Keep the question under 45 words.
division-multiplication,"Write a simple challenge question where students decide whether multiplication or division is needed in a situation with toy cars. Ask for a written answer, not a drawing."
division-multiplication,Create a simple challenge question about coins that uses both multiplication and division. Make it slightly challenging. Make the numbers easy to calculate mentally.
division-multiplication,"Create a two-step problem about sports balls that uses both multiplication and division. Make it slightly challenging. Ask for a written answer, not a drawing."
division-multiplication,Create a real-life classroom problem about arrays or equal groups using birthday candles. Include one multiplication and one division step. Avoid decimals and negative numbers.
division-multiplication,Generate a true-or-false question with a brief explanation that asks students to multiply to find a total and divide to share equally. Use books. Include the correct answer.
division-multiplication,Write a real-life classroom problem where equal groups of animals on a farm are formed and then divided. Use whole numbers only.
division-multiplication,Write a simple challenge question where equal groups of stickers are formed and then divided. Use whole numbers only.
division-multiplication,Create a simple challenge question about stickers that uses both multiplication and division. Make it very easy. Use whole numbers only.
division-multiplication,"Generate a true-or-false question with a brief explanation that asks students to multiply to find a total and divide to share equally. Use garden plants. Ask for a written answer, not a drawing."
division-multiplication,Create a two-step problem about birthday candles that uses both multiplication and division. Make it easy. Keep the question under 45 words.
division-multiplication,Generate a real-life classroom problem that connects a multiplication fact with its related division fact using coins. Keep the question under 45 words.
division-multiplication,Create a real-life classroom problem about classroom chairs that uses both multiplication and division. Make it very easy. Keep the question under 45 words.
division-multiplication,Create a two-step problem about birthday candles that uses both multiplication and division. Make it moderate. Keep the question under 45 words.
division-multiplication,Create a multiple-choice question with four options about garden plants that uses both multiplication and division. Make it very easy. Avoid decimals and negative numbers.
division-multiplication,Create a question that asks students to explain their reasoning about arrays or equal groups using colored blocks. Include one multiplication and one division step. Use whole numbers only.
division-multiplication,Generate a question that asks students to explain their reasoning that connects a multiplication fact with its related division fact using animals on a farm. Keep the question under 45 words.
division-multiplication,Create a simple challenge question about sports balls that uses both multiplication and division. Make it very easy. Use simple vocabulary suitable for elementary students.
division-multiplication,Create a fill-in-the-blank question about toy cars that uses both multiplication and division. Make it slightly challenging. Make the numbers easy to calculate mentally.
division-multiplication,"Generate a question that asks students to explain their reasoning that asks students to multiply to find a total and divide to share equally. Use sports balls. Ask for a written answer, not a drawing."
division-multiplication,Create a true-or-false question with a brief explanation about recycling bins that uses both multiplication and division. Make it slightly challenging. Keep the question under 45 words.
division-multiplication,Generate a multiple-choice question with four options that asks students to multiply to find a total and divide to share equally. Use bus passengers. Use whole numbers only.
division-multiplication,Generate a short word problem that connects a multiplication fact with its related division fact using school supplies. Use whole numbers only.
division-multiplication,Create a fill-in-the-blank question about notebooks that uses both multiplication and division. Make it moderate. Use simple vocabulary suitable for elementary students.
division-multiplication,Create a short word problem about birthday candles that uses both multiplication and division. Make it moderate. Keep the question under 45 words.
division-multiplication,Create a question that asks students to explain their reasoning about classroom chairs that uses both multiplication and division. Make it easy. Keep the question under 45 words.
division-multiplication,Create a two-step problem about recycling bins that uses both multiplication and division. Make it slightly challenging. Use simple vocabulary suitable for elementary students.
division-multiplication,Create a two-step problem about animals on a farm that uses both multiplication and division. Make it very easy. Use whole numbers only.
division-multiplication,"Write a multiple-choice question with four options where students decide whether multiplication or division is needed in a situation with pencils. Ask for a written answer, not a drawing."
division-multiplication,Create a short word problem about arrays or equal groups using pencils. Include one multiplication and one division step. Add one short hint.
division-multiplication,Create a two-step problem about stickers that uses both multiplication and division. Make it slightly challenging. Make the numbers easy to calculate mentally.
division-multiplication,Create a two-step problem about arrays or equal groups using fruit baskets. Include one multiplication and one division step. Include the correct answer.
division-multiplication,Write a real-life classroom problem where equal groups of books are formed and then divided. Use simple vocabulary suitable for elementary students.
division-multiplication,Write a question that asks students to explain their reasoning where equal groups of cookies are formed and then divided. Avoid decimals and negative numbers.
division-multiplication,Create a two-step problem about recycling bins that uses both multiplication and division. Make it slightly challenging. Make the numbers easy to calculate mentally.
division-multiplication,"Create a true-or-false question with a brief explanation about fruit baskets that uses both multiplication and division. Make it easy. Ask for a written answer, not a drawing."
division-multiplication,Generate a fill-in-the-blank question that asks students to multiply to find a total and divide to share equally. Use marbles. Use whole numbers only.
division-multiplication,Create a two-step problem about arrays or equal groups using school supplies. Include one multiplication and one division step. Avoid decimals and negative numbers.
division-multiplication,Create a real-life classroom problem about water bottles that uses both multiplication and division. Make it very easy. Make the numbers easy to calculate mentally.
division-multiplication,Generate a question that asks students to explain their reasoning that asks students to multiply to find a total and divide to share equally. Use classroom chairs. Use whole numbers only.
division-multiplication,Generate a question that asks students to explain their reasoning that connects a multiplication fact with its related division fact using fruit baskets. Include the correct answer.
division-multiplication,Create a question that asks students to explain their reasoning about fruit baskets that uses both multiplication and division. Make it very easy. Add one short hint.
division-multiplication,Create a two-step problem about arrays or equal groups using pencils. Include one multiplication and one division step. Use whole numbers only.
division-multiplication,Create a short word problem about arrays or equal groups using stickers. Include one multiplication and one division step. Avoid decimals and negative numbers.
division-multiplication,"Create a short word problem about birthday candles that uses both multiplication and division. Make it very easy. Ask for a written answer, not a drawing."
division-multiplication,Generate a true-or-false question with a brief explanation that connects a multiplication fact with its related division fact using notebooks. Add one short hint.
division-multiplication,Create a fill-in-the-blank question about arrays or equal groups using notebooks. Include one multiplication and one division step. Avoid decimals and negative numbers.
division-multiplication,Generate a simple challenge question that asks students to multiply to find a total and divide to share equally. Use birthday candles. Use simple vocabulary suitable for elementary students.
division-multiplication,Create a real-life classroom problem about notebooks that uses both multiplication and division. Make it moderate. Include the correct answer.
division-multiplication,Write a real-life classroom problem where equal groups of pencils are formed and then divided. Avoid decimals and negative numbers.
division-multiplication,"Write a short word problem where equal groups of flowers are formed and then divided. Ask for a written answer, not a drawing."
division-multiplication,Generate a two-step problem that connects a multiplication fact with its related division fact using pencils. Keep the question under 45 words.
division-multiplication,Write a true-or-false question with a brief explanation where equal groups of stickers are formed and then divided. Avoid decimals and negative numbers.
division-multiplication,Generate a true-or-false question with a brief explanation that connects a multiplication fact with its related division fact using bus passengers. Add one short hint.
division-multiplication,Create a question that asks students to explain their reasoning about cookies that uses both multiplication and division. Make it easy. Keep the question under 45 words.
division-multiplication,Create a short word problem about arrays or equal groups using fruit baskets. Include one multiplication and one division step. Make the numbers easy to calculate mentally.
division-multiplication,Write a true-or-false question with a brief explanation where students decide whether multiplication or division is needed in a situation with pencils. Use whole numbers only.
division-multiplication,Create a simple challenge question about cookies that uses both multiplication and division. Make it moderate. Add one short hint.
division-multiplication,Create a two-step problem about sports balls that uses both multiplication and division. Make it slightly challenging. Keep the question under 45 words.
division-multiplication,Create a fill-in-the-blank question about school supplies that uses both multiplication and division. Make it moderate. Make the numbers easy to calculate mentally.
division-multiplication,Create a question that asks students to explain their reasoning about pencils that uses both multiplication and division. Make it easy. Use whole numbers only.
division-multiplication,Create a multiple-choice question with four options about sports balls that uses both multiplication and division. Make it easy. Make the numbers easy to calculate mentally.
division-multiplication,"Write a fill-in-the-blank question where students decide whether multiplication or division is needed in a situation with pencils. Ask for a written answer, not a drawing."
division-multiplication,Create a real-life classroom problem about animals on a farm that uses both multiplication and division. Make it easy. Use simple vocabulary suitable for elementary students.
division-multiplication,Create a question that asks students to explain their reasoning about notebooks that uses both multiplication and division. Make it slightly challenging. Add one short hint.
division-multiplication,Create a multiple-choice question with four options about arrays or equal groups using birthday candles. Include one multiplication and one division step. Make the numbers easy to calculate mentally.
division-multiplication,Write a fill-in-the-blank question where students decide whether multiplication or division is needed in a situation with sports balls. Use whole numbers only.
division-multiplication,Create a two-step problem about bus passengers that uses both multiplication and division. Make it slightly challenging. Avoid decimals and negative numbers.
division-multiplication,Write a real-life classroom problem where students decide whether multiplication or division is needed in a situation with stickers. Add one short hint.
division-multiplication,Create a true-or-false question with a brief explanation about arrays or equal groups using coins. Include one multiplication and one division step. Make the numbers easy to calculate mentally.
division-multiplication,Generate a two-step problem that connects a multiplication fact with its related division fact using classroom chairs. Use simple vocabulary suitable for elementary students.
division-multiplication,Generate a true-or-false question with a brief explanation that asks students to multiply to find a total and divide to share equally. Use bus passengers. Use simple vocabulary suitable for elementary students.
division-multiplication,Generate a fill-in-the-blank question that connects a multiplication fact with its related division fact using toy cars. Avoid decimals and negative numbers.
division-multiplication,Create a multiple-choice question with four options about fruit baskets that uses both multiplication and division. Make it very easy. Include the correct answer.
division-multiplication,"Generate a simple challenge question that connects a multiplication fact with its related division fact using coins. Ask for a written answer, not a drawing."
division-multiplication,Generate a question that asks students to explain their reasoning that asks students to multiply to find a total and divide to share equally. Use cookies. Use whole numbers only.
division-multiplication,Create a real-life classroom problem about bus passengers that uses both multiplication and division. Make it very easy. Include the correct answer.
division-multiplication,Generate a simple challenge question that connects a multiplication fact with its related division fact using school supplies. Add one short hint.
division-multiplication,Create a real-life classroom problem about water bottles that uses both multiplication and division. Make it very easy. Include the correct answer.
division-multiplication,Generate a two-step problem that asks students to multiply to find a total and divide to share equally. Use school supplies. Include the correct answer.
division-multiplication,Create a short word problem about books that uses both multiplication and division. Make it slightly challenging. Add one short hint.
division-multiplication,Create a simple challenge question about arrays or equal groups using fruit baskets. Include one multiplication and one division step. Use whole numbers only.
division-multiplication,"Create a question that asks students to explain their reasoning about marbles that uses both multiplication and division. Make it slightly challenging. Ask for a written answer, not a drawing."
division-multiplication,Write a simple challenge question where students decide whether multiplication or division is needed in a situation with notebooks. Keep the question under 45 words.
division-multiplication,Create a simple challenge question about fruit baskets that uses both multiplication and division. Make it moderate. Make the numbers easy to calculate mentally.
division-multiplication,Generate a true-or-false question with a brief explanation that connects a multiplication fact with its related division fact using flowers. Use whole numbers only.
division-multiplication,Generate a true-or-false question with a brief explanation that asks students to multiply to find a total and divide to share equally. Use recycling bins. Make the numbers easy to calculate mentally.
division-multiplication,Create a real-life classroom problem about books that uses both multiplication and division. Make it moderate. Add one short hint.
division-multiplication,Create a multiple-choice question with four options about animals on a farm that uses both multiplication and division. Make it moderate. Add one short hint.
division-multiplication,Create a simple challenge question about arrays or equal groups using water bottles. Include one multiplication and one division step. Make the numbers easy to calculate mentally.
division-multiplication,Create a true-or-false question with a brief explanation about pencils that uses both multiplication and division. Make it easy. Make the numbers easy to calculate mentally.
division-multiplication,Generate a simple challenge question that connects a multiplication fact with its related division fact using water bottles. Add one short hint.
division-multiplication,Create a short word problem about sports balls that uses both multiplication and division. Make it slightly challenging. Use simple vocabulary suitable for elementary students.
division-multiplication,Create a short word problem about pencils that uses both multiplication and division. Make it very easy. Add one short hint.
division-multiplication,Create a short word problem about classroom chairs that uses both multiplication and division. Make it very easy. Keep the question under 45 words.
division-multiplication,"Write a true-or-false question with a brief explanation where equal groups of garden plants are formed and then divided. Ask for a written answer, not a drawing."
division-multiplication,Generate a true-or-false question with a brief explanation that connects a multiplication fact with its related division fact using toy cars. Avoid decimals and negative numbers.
division-multiplication,Write a fill-in-the-blank question where students decide whether multiplication or division is needed in a situation with colored blocks. Make the numbers easy to calculate mentally.
division-multiplication,Create a multiple-choice question with four options about pencils that uses both multiplication and division. Make it slightly challenging. Include the correct answer.
division-multiplication,Create a question that asks students to explain their reasoning about fruit baskets that uses both multiplication and division. Make it slightly challenging. Use whole numbers only.
division-multiplication,"Create a true-or-false question with a brief explanation about arrays or equal groups using coins. Include one multiplication and one division step. Ask for a written answer, not a drawing."
division-multiplication,Write a short word problem where equal groups of sports balls are formed and then divided. Make the numbers easy to calculate mentally.
division-multiplication,"Write a fill-in-the-blank question where students decide whether multiplication or division is needed in a situation with colored blocks. Ask for a written answer, not a drawing."
division-multiplication,Generate a true-or-false question with a brief explanation that asks students to multiply to find a total and divide to share equally. Use cookies. Add one short hint.
division-multiplication,Generate a real-life classroom problem that asks students to multiply to find a total and divide to share equally. Use birthday candles. Use whole numbers only.
division-multiplication,Write a question that asks students to explain their reasoning where students decide whether multiplication or division is needed in a situation with garden plants. Make the numbers easy to calculate mentally.
division-multiplication,Create a fill-in-the-blank question about animals on a farm that uses both multiplication and division. Make it easy. Use simple vocabulary suitable for elementary students.
division-multiplication,Create a true-or-false question with a brief explanation about fruit baskets that uses both multiplication and division. Make it very easy. Use simple vocabulary suitable for elementary students.
division-multiplication,Create a short word problem about sports balls that uses both multiplication and division. Make it very easy. Use simple vocabulary suitable for elementary students.
division-multiplication,Create a real-life classroom problem about coins that uses both multiplication and division. Make it very easy. Add one short hint.
division-multiplication,Write a two-step problem where equal groups of pencils are formed and then divided. Use simple vocabulary suitable for elementary students.
division-multiplication,Write a simple challenge question where students decide whether multiplication or division is needed in a situation with sports balls. Include the correct answer.
division-multiplication,"Write a short word problem where equal groups of fruit baskets are formed and then divided. Ask for a written answer, not a drawing."
division-multiplication,Create a real-life classroom problem about notebooks that uses both multiplication and division. Make it moderate. Make the numbers easy to calculate mentally.
division-multiplication,Create a real-life classroom problem about toy cars that uses both multiplication and division. Make it easy. Keep the question under 45 words.
division-multiplication,Write a fill-in-the-blank question where students decide whether multiplication or division is needed in a situation with toy cars. Include the correct answer.
division-multiplication,Generate a fill-in-the-blank question that connects a multiplication fact with its related division fact using pencils. Include the correct answer.
division-multiplication,Generate a real-life classroom problem that connects a multiplication fact with its related division fact using stickers. Use simple vocabulary suitable for elementary students.
division-multiplication,Create a fill-in-the-blank question about recycling bins that uses both multiplication and division. Make it very easy. Make the numbers easy to calculate mentally.
division-multiplication,Generate a two-step problem that connects a multiplication fact with its related division fact using fruit baskets. Use simple vocabulary suitable for elementary students.
division-multiplication,Create a real-life classroom problem about arrays or equal groups using coins. Include one multiplication and one division step. Add one short hint.
division-multiplication,Create a simple challenge question about pencils that uses both multiplication and division. Make it easy. Use whole numbers only.
division-multiplication,Create a simple challenge question about marbles that uses both multiplication and division. Make it slightly challenging. Keep the question under 45 words.
division-multiplication,Write a short word problem where students decide whether multiplication or division is needed in a situation with coins. Make the numbers easy to calculate mentally.
division-multiplication,"Write a question that asks students to explain their reasoning where equal groups of fruit baskets are formed and then divided. Ask for a written answer, not a drawing."
division-multiplication,Create a question that asks students to explain their reasoning about colored blocks that uses both multiplication and division. Make it easy. Include the correct answer.
division-multiplication,Write a fill-in-the-blank question where students decide whether multiplication or division is needed in a situation with animals on a farm. Use simple vocabulary suitable for elementary students.
division-multiplication,Create a simple challenge question about books that uses both multiplication and division. Make it very easy. Avoid decimals and negative numbers.
division-multiplication,Create a two-step problem about books that uses both multiplication and division. Make it very easy. Keep the question under 45 words.
division-multiplication,Write a true-or-false question with a brief explanation where equal groups of stickers are formed and then divided. Keep the question under 45 words.
division-multiplication,Create a short word problem about coins that uses both multiplication and division. Make it very easy. Keep the question under 45 words.
division-multiplication,"Create a real-life classroom problem about recycling bins that uses both multiplication and division. Make it moderate. Ask for a written answer, not a drawing."
division-multiplication,Generate a real-life classroom problem that connects a multiplication fact with its related division fact using toy cars. Keep the question under 45 words.
division-multiplication,Generate a fill-in-the-blank question that asks students to multiply to find a total and divide to share equally. Use stickers. Make the numbers easy to calculate mentally.
division-multiplication,Create a short word problem about school supplies that uses both multiplication and division. Make it moderate. Add one short hint.
division-multiplication,Write a true-or-false question with a brief explanation where equal groups of garden plants are formed and then divided. Keep the question under 45 words.
division-multiplication,Create a fill-in-the-blank question about bus passengers that uses both multiplication and division. Make it moderate. Keep the question under 45 words.
division-multiplication,Create a fill-in-the-blank question about school supplies that uses both multiplication and division. Make it moderate. Keep the question under 45 words.
division-multiplication,"Generate a simple challenge question that connects a multiplication fact with its related division fact using cookies. Ask for a written answer, not a drawing."
division-multiplication,Generate a question that asks students to explain their reasoning that asks students to multiply to find a total and divide to share equally. Use colored blocks. Use simple vocabulary suitable for elementary students.
division-multiplication,Generate a real-life classroom problem that connects a multiplication fact with its related division fact using sports balls. Include the correct answer.
division-multiplication,Generate a short word problem that asks students to multiply to find a total and divide to share equally. Use notebooks. Avoid decimals and negative numbers.
division-multiplication,Create a two-step problem about animals on a farm that uses both multiplication and division. Make it moderate. Include the correct answer.
division-multiplication,Create a real-life classroom problem about sports balls that uses both multiplication and division. Make it easy. Include the correct answer.
division-multiplication,Create a short word problem about garden plants that uses both multiplication and division. Make it moderate. Include the correct answer.
division-multiplication,Generate a real-life classroom problem that connects a multiplication fact with its related division fact using stickers. Add one short hint.
division-multiplication,"Generate a two-step problem that connects a multiplication fact with its related division fact using notebooks. Ask for a written answer, not a drawing."
division-multiplication,Create a two-step problem about animals on a farm that uses both multiplication and division. Make it easy. Avoid decimals and negative numbers.
division-multiplication,"Generate a two-step problem that connects a multiplication fact with its related division fact using sports balls. Ask for a written answer, not a drawing."
division-multiplication,Write a short word problem where equal groups of colored blocks are formed and then divided. Use simple vocabulary suitable for elementary students.
division-multiplication,Write a question that asks students to explain their reasoning where equal groups of flowers are formed and then divided. Use whole numbers only.
division-multiplication,Create a fill-in-the-blank question about flowers that uses both multiplication and division. Make it moderate. Include the correct answer.
division-multiplication,Write a short word problem where equal groups of marbles are formed and then divided. Avoid decimals and negative numbers.
division-multiplication,Create a two-step problem about arrays or equal groups using toy cars. Include one multiplication and one division step. Add one short hint.
division-multiplication,Create a simple challenge question about cookies that uses both multiplication and division. Make it moderate. Use whole numbers only.
division-multiplication,Create a multiple-choice question with four options about garden plants that uses both multiplication and division. Make it moderate. Add one short hint.
division-multiplication,Write a two-step problem where equal groups of animals on a farm are formed and then divided. Use whole numbers only.
division-multiplication,"Create a multiple-choice question with four options about arrays or equal groups using coins. Include one multiplication and one division step. Ask for a written answer, not a drawing."
division-multiplication,Generate a true-or-false question with a brief explanation that connects a multiplication fact with its related division fact using notebooks. Use simple vocabulary suitable for elementary students.
division-multiplication,Create a fill-in-the-blank question about classroom chairs that uses both multiplication and division. Make it very easy. Make the numbers easy to calculate mentally.
division-multiplication,Generate a fill-in-the-blank question that asks students to multiply to find a total and divide to share equally. Use sports balls. Make the numbers easy to calculate mentally.
division-multiplication,"Create a two-step problem about arrays or equal groups using stickers. Include one multiplication and one division step. Ask for a written answer, not a drawing."
division-multiplication,"Create a true-or-false question with a brief explanation about pencils that uses both multiplication and division. Make it very easy. Ask for a written answer, not a drawing."
division-multiplication,Generate a multiple-choice question with four options that connects a multiplication fact with its related division fact using recycling bins. Use whole numbers only.
division-multiplication,Write a question that asks students to explain their reasoning where equal groups of marbles are formed and then divided. Keep the question under 45 words.
division-multiplication,Generate a simple challenge question that asks students to multiply to find a total and divide to share equally. Use flowers. Make the numbers easy to calculate mentally.
division-multiplication,Generate a multiple-choice question with four options that asks students to multiply to find a total and divide to share equally. Use flowers. Use whole numbers only.
division-multiplication,Write a short word problem where equal groups of flowers are formed and then divided. Avoid decimals and negative numbers.
division-multiplication,Create a multiple-choice question with four options about arrays or equal groups using stickers. Include one multiplication and one division step. Use whole numbers only.
division-multiplication,Generate a multiple-choice question with four options that asks students to multiply to find a total and divide to share equally. Use books. Use simple vocabulary suitable for elementary students.
division-multiplication,Create a two-step problem about fruit baskets that uses both multiplication and division. Make it moderate. Add one short hint.
division-multiplication,"Generate a real-life classroom problem that asks students to multiply to find a total and divide to share equally. Use garden plants. Ask for a written answer, not a drawing."
division-multiplication,Create a true-or-false question with a brief explanation about birthday candles that uses both multiplication and division. Make it easy. Add one short hint.
division-multiplication,Create a fill-in-the-blank question about arrays or equal groups using notebooks. Include one multiplication and one division step. Add one short hint.
division-multiplication,Create a multiple-choice question with four options about animals on a farm that uses both multiplication and division. Make it slightly challenging. Avoid decimals and negative numbers.
division-multiplication,Create a true-or-false question with a brief explanation about arrays or equal groups using toy cars. Include one multiplication and one division step. Include the correct answer.
division-multiplication,Write a simple challenge question where students decide whether multiplication or division is needed in a situation with birthday candles. Make the numbers easy to calculate mentally.
division-multiplication,Create a true-or-false question with a brief explanation about recycling bins that uses both multiplication and division. Make it very easy. Include the correct answer.
division-multiplication,"Create a simple challenge question about coins that uses both multiplication and division. Make it slightly challenging. Ask for a written answer, not a drawing."
division-multiplication,"Create a short word problem about school supplies that uses both multiplication and division. Make it slightly challenging. Ask for a written answer, not a drawing."
division-multiplication,Write a true-or-false question with a brief explanation where students decide whether multiplication or division is needed in a situation with cookies. Make the numbers easy to calculate mentally.
division-multiplication,Create a short word problem about classroom chairs that uses both multiplication and division. Make it very easy. Include the correct answer.
division-multiplication,Create a multiple-choice question with four options about stickers that uses both multiplication and division. Make it slightly challenging. Add one short hint.
division-multiplication,Write a true-or-false question with a brief explanation where equal groups of water bottles are formed and then divided. Include the correct answer.
division-multiplication,Generate a question that asks students to explain their reasoning that connects a multiplication fact with its related division fact using books. Include the correct answer.
division-multiplication,Create a question that asks students to explain their reasoning about arrays or equal groups using marbles. Include one multiplication and one division step. Include the correct answer.
division-multiplication,Create a fill-in-the-blank question about colored blocks that uses both multiplication and division. Make it easy. Keep the question under 45 words.
division-multiplication,Write a question that asks students to explain their reasoning where students decide whether multiplication or division is needed in a situation with school supplies. Include the correct answer.
division-multiplication,Create a multiple-choice question with four options about books that uses both multiplication and division. Make it moderate. Add one short hint.
division-multiplication,Write a multiple-choice question with four options where equal groups of sports balls are formed and then divided. Keep the question under 45 words.
algebra,Create a real-life classroom problem about finding an unknown number in a simple equation. Use toy cars. Make it moderate. Include the correct answer.
algebra,"Generate a real-life classroom problem that asks students to identify and continue a simple numerical pattern related to toy cars. Ask for a written answer, not a drawing."
algebra,Write a two-step problem where students translate a short situation about classroom chairs into a simple equation. Use whole numbers only.
algebra,Create a simple challenge question using an equation such as x + a = b or x - a = b. Use school supplies. Keep the question under 45 words.
algebra,Write a question that asks students to explain their reasoning with a missing value represented by a box or letter in a situation about books. Make the numbers easy to calculate mentally.
algebra,Write a true-or-false question with a brief explanation with a missing value represented by a box or letter in a situation about pencils. Add one short hint.
algebra,Create a question that asks students to explain their reasoning about finding an unknown number in a simple equation. Use recycling bins. Make it moderate. Make the numbers easy to calculate mentally.
algebra,Write a simple challenge question where students translate a short situation about school supplies into a simple equation. Include the correct answer.
algebra,"Write a question that asks students to explain their reasoning where students translate a short situation about school supplies into a simple equation. Ask for a written answer, not a drawing."
algebra,Generate a short word problem that asks students to identify and continue a simple numerical pattern related to marbles. Keep the question under 45 words.
algebra,Create a true-or-false question with a brief explanation about finding an unknown number in a simple equation. Use stickers. Make it moderate. Make the numbers easy to calculate mentally.
algebra,Create a simple challenge question using an equation such as x + a = b or x - a = b. Use bus passengers. Avoid decimals and negative numbers.
algebra,Create a short word problem about finding an unknown number in a simple equation. Use school supplies. Make it easy. Add one short hint.
algebra,Write a true-or-false question with a brief explanation where students translate a short situation about school supplies into a simple equation. Include the correct answer.
algebra,Create a simple challenge question about finding an unknown number in a simple equation. Use bus passengers. Make it very easy. Add one short hint.
algebra,Generate a multiple-choice question with four options that asks students to check which value makes an equation true. Use flowers. Include the correct answer.
algebra,Generate a question that asks students to explain their reasoning that asks students to check which value makes an equation true. Use pencils. Avoid decimals and negative numbers.
algebra,Create a true-or-false question with a brief explanation about finding an unknown number in a simple equation. Use bus passengers. Make it easy. Make the numbers easy to calculate mentally.
algebra,Create a true-or-false question with a brief explanation about finding an unknown number in a simple equation. Use marbles. Make it slightly challenging. Add one short hint.
algebra,"Write a true-or-false question with a brief explanation with a missing value represented by a box or letter in a situation about birthday candles. Ask for a written answer, not a drawing."
algebra,Create a simple challenge question about finding an unknown number in a simple equation. Use marbles. Make it easy. Avoid decimals and negative numbers.
algebra,Create a multiple-choice question with four options about finding an unknown number in a simple equation. Use classroom chairs. Make it easy. Avoid decimals and negative numbers.
algebra,"Write a simple challenge question with a missing value represented by a box or letter in a situation about books. Ask for a written answer, not a drawing."
algebra,Create a real-life classroom problem about finding an unknown number in a simple equation. Use animals on a farm. Make it very easy. Avoid decimals and negative numbers.
algebra,Write a fill-in-the-blank question where students translate a short situation about stickers into a simple equation. Use whole numbers only.
algebra,Create a two-step problem about finding an unknown number in a simple equation. Use stickers. Make it slightly challenging. Use simple vocabulary suitable for elementary students.
algebra,Create a fill-in-the-blank question using an equation such as x + a = b or x - a = b. Use marbles. Include the correct answer.
algebra,Create a true-or-false question with a brief explanation about finding an unknown number in a simple equation. Use coins. Make it easy. Avoid decimals and negative numbers.
algebra,Write a true-or-false question with a brief explanation where students translate a short situation about notebooks into a simple equation. Keep the question under 45 words.
algebra,Write a real-life classroom problem where students translate a short situation about sports balls into a simple equation. Use whole numbers only.
algebra,"Write a short word problem with a missing value represented by a box or letter in a situation about garden plants. Ask for a written answer, not a drawing."
algebra,Create a true-or-false question with a brief explanation about finding an unknown number in a simple equation. Use colored blocks. Make it very easy. Use simple vocabulary suitable for elementary students.
algebra,Write a real-life classroom problem where students translate a short situation about flowers into a simple equation. Keep the question under 45 words.
algebra,Create a true-or-false question with a brief explanation about finding an unknown number in a simple equation. Use colored blocks. Make it easy. Add one short hint.
algebra,Write a question that asks students to explain their reasoning where students translate a short situation about water bottles into a simple equation. Keep the question under 45 words.
algebra,Generate a two-step problem that asks students to check which value makes an equation true. Use fruit baskets. Avoid decimals and negative numbers.
algebra,Generate a question that asks students to explain their reasoning that asks students to check which value makes an equation true. Use toy cars. Add one short hint.
algebra,Generate a real-life classroom problem that asks students to identify and continue a simple numerical pattern related to pencils. Avoid decimals and negative numbers.
algebra,Create a simple challenge question about finding an unknown number in a simple equation. Use fruit baskets. Make it moderate. Use simple vocabulary suitable for elementary students.
algebra,"Create a fill-in-the-blank question about finding an unknown number in a simple equation. Use books. Make it very easy. Ask for a written answer, not a drawing."
algebra,Create a real-life classroom problem about finding an unknown number in a simple equation. Use school supplies. Make it very easy. Add one short hint.
algebra,Generate a short word problem that asks students to identify and continue a simple numerical pattern related to notebooks. Keep the question under 45 words.
algebra,Generate a two-step problem that asks students to identify and continue a simple numerical pattern related to coins. Make the numbers easy to calculate mentally.
algebra,Create a simple challenge question about finding an unknown number in a simple equation. Use water bottles. Make it moderate. Include the correct answer.
algebra,Generate a real-life classroom problem that asks students to identify and continue a simple numerical pattern related to toy cars. Use simple vocabulary suitable for elementary students.
algebra,Create a question that asks students to explain their reasoning about finding an unknown number in a simple equation. Use garden plants. Make it slightly challenging. Use simple vocabulary suitable for elementary students.
algebra,Generate a short word problem that asks students to check which value makes an equation true. Use school supplies. Make the numbers easy to calculate mentally.
algebra,Create a fill-in-the-blank question about finding an unknown number in a simple equation. Use bus passengers. Make it slightly challenging. Keep the question under 45 words.
algebra,Generate a real-life classroom problem that asks students to identify and continue a simple numerical pattern related to water bottles. Keep the question under 45 words.
algebra,Create a real-life classroom problem about finding an unknown number in a simple equation. Use books. Make it slightly challenging. Include the correct answer.
algebra,Create a question that asks students to explain their reasoning about finding an unknown number in a simple equation. Use colored blocks. Make it very easy. Make the numbers easy to calculate mentally.
algebra,Write a two-step problem with a missing value represented by a box or letter in a situation about pencils. Use simple vocabulary suitable for elementary students.
algebra,"Write a true-or-false question with a brief explanation where students translate a short situation about water bottles into a simple equation. Ask for a written answer, not a drawing."
algebra,Create a question that asks students to explain their reasoning about finding an unknown number in a simple equation. Use toy cars. Make it easy. Make the numbers easy to calculate mentally.
algebra,Write a fill-in-the-blank question where students translate a short situation about garden plants into a simple equation. Include the correct answer.
algebra,Create a fill-in-the-blank question about finding an unknown number in a simple equation. Use sports balls. Make it moderate. Keep the question under 45 words.
algebra,Create a fill-in-the-blank question about finding an unknown number in a simple equation. Use books. Make it easy. Keep the question under 45 words.
algebra,Generate a simple challenge question that asks students to check which value makes an equation true. Use cookies. Make the numbers easy to calculate mentally.
algebra,Create a multiple-choice question with four options using an equation such as x + a = b or x - a = b. Use recycling bins. Avoid decimals and negative numbers.
algebra,Create a true-or-false question with a brief explanation about finding an unknown number in a simple equation. Use flowers. Make it easy. Add one short hint.
algebra,Create a two-step problem about finding an unknown number in a simple equation. Use animals on a farm. Make it very easy. Keep the question under 45 words.
algebra,Create a question that asks students to explain their reasoning using an equation such as x + a = b or x - a = b. Use animals on a farm. Make the numbers easy to calculate mentally.
algebra,Create a short word problem about finding an unknown number in a simple equation. Use flowers. Make it slightly challenging. Include the correct answer.
algebra,Create a simple challenge question about finding an unknown number in a simple equation. Use sports balls. Make it very easy. Use whole numbers only.
algebra,Create a short word problem about finding an unknown number in a simple equation. Use books. Make it slightly challenging. Make the numbers easy to calculate mentally.
algebra,Create a short word problem about finding an unknown number in a simple equation. Use marbles. Make it slightly challenging. Include the correct answer.
algebra,Generate a two-step problem that asks students to identify and continue a simple numerical pattern related to notebooks. Avoid decimals and negative numbers.
algebra,Write a question that asks students to explain their reasoning with a missing value represented by a box or letter in a situation about sports balls. Use whole numbers only.
algebra,Create a short word problem about finding an unknown number in a simple equation. Use pencils. Make it moderate. Keep the question under 45 words.
algebra,Create a true-or-false question with a brief explanation about finding an unknown number in a simple equation. Use flowers. Make it moderate. Make the numbers easy to calculate mentally.
algebra,"Create a two-step problem about finding an unknown number in a simple equation. Use cookies. Make it very easy. Ask for a written answer, not a drawing."
algebra,Create a question that asks students to explain their reasoning about finding an unknown number in a simple equation. Use stickers. Make it slightly challenging. Use simple vocabulary suitable for elementary students.
algebra,Generate a question that asks students to explain their reasoning that asks students to identify and continue a simple numerical pattern related to marbles. Keep the question under 45 words.
algebra,Create a fill-in-the-blank question about finding an unknown number in a simple equation. Use animals on a farm. Make it slightly challenging. Make the numbers easy to calculate mentally.
algebra,Create a simple challenge question about finding an unknown number in a simple equation. Use classroom chairs. Make it slightly challenging. Use whole numbers only.
algebra,Generate a fill-in-the-blank question that asks students to check which value makes an equation true. Use garden plants. Include the correct answer.
algebra,"Write a question that asks students to explain their reasoning with a missing value represented by a box or letter in a situation about colored blocks. Ask for a written answer, not a drawing."
algebra,Create a fill-in-the-blank question about finding an unknown number in a simple equation. Use sports balls. Make it slightly challenging. Avoid decimals and negative numbers.
algebra,Create a short word problem about finding an unknown number in a simple equation. Use notebooks. Make it very easy. Keep the question under 45 words.
algebra,Create a short word problem about finding an unknown number in a simple equation. Use stickers. Make it moderate. Use whole numbers only.
algebra,Write a multiple-choice question with four options with a missing value represented by a box or letter in a situation about colored blocks. Avoid decimals and negative numbers.
algebra,Create a true-or-false question with a brief explanation about finding an unknown number in a simple equation. Use flowers. Make it very easy. Make the numbers easy to calculate mentally.
algebra,Generate a true-or-false question with a brief explanation that asks students to check which value makes an equation true. Use bus passengers. Avoid decimals and negative numbers.
algebra,Generate a short word problem that asks students to check which value makes an equation true. Use animals on a farm. Use simple vocabulary suitable for elementary students.
algebra,Generate a simple challenge question that asks students to identify and continue a simple numerical pattern related to flowers. Include the correct answer.
algebra,Write a real-life classroom problem with a missing value represented by a box or letter in a situation about toy cars. Make the numbers easy to calculate mentally.
algebra,Create a true-or-false question with a brief explanation using an equation such as x + a = b or x - a = b. Use flowers. Use whole numbers only.
algebra,Create a true-or-false question with a brief explanation about finding an unknown number in a simple equation. Use books. Make it slightly challenging. Use whole numbers only.
algebra,Create a real-life classroom problem about finding an unknown number in a simple equation. Use colored blocks. Make it slightly challenging. Make the numbers easy to calculate mentally.
algebra,Create a multiple-choice question with four options about finding an unknown number in a simple equation. Use pencils. Make it very easy. Include the correct answer.
algebra,Create a question that asks students to explain their reasoning using an equation such as x + a = b or x - a = b. Use classroom chairs. Include the correct answer.
algebra,Write a fill-in-the-blank question where students translate a short situation about coins into a simple equation. Avoid decimals and negative numbers.
algebra,Create a simple challenge question about finding an unknown number in a simple equation. Use colored blocks. Make it easy. Include the correct answer.
algebra,Create a simple challenge question using an equation such as x + a = b or x - a = b. Use recycling bins. Add one short hint.
algebra,Write a short word problem where students translate a short situation about school supplies into a simple equation. Include the correct answer.
algebra,Write a multiple-choice question with four options with a missing value represented by a box or letter in a situation about sports balls. Use whole numbers only.
algebra,Create a real-life classroom problem about finding an unknown number in a simple equation. Use flowers. Make it very easy. Make the numbers easy to calculate mentally.
algebra,Write a question that asks students to explain their reasoning with a missing value represented by a box or letter in a situation about colored blocks. Include the correct answer.
algebra,Create a short word problem about finding an unknown number in a simple equation. Use animals on a farm. Make it slightly challenging. Add one short hint.
algebra,Generate a multiple-choice question with four options that asks students to identify and continue a simple numerical pattern related to pencils. Use simple vocabulary suitable for elementary students.
algebra,Create a question that asks students to explain their reasoning about finding an unknown number in a simple equation. Use bus passengers. Make it easy. Use whole numbers only.
algebra,Create a simple challenge question about finding an unknown number in a simple equation. Use marbles. Make it moderate. Make the numbers easy to calculate mentally.
algebra,Write a simple challenge question where students translate a short situation about coins into a simple equation. Make the numbers easy to calculate mentally.
algebra,Create a multiple-choice question with four options using an equation such as x + a = b or x - a = b. Use pencils. Keep the question under 45 words.
algebra,Create a true-or-false question with a brief explanation about finding an unknown number in a simple equation. Use bus passengers. Make it easy. Include the correct answer.
algebra,Create a real-life classroom problem using an equation such as x + a = b or x - a = b. Use cookies. Make the numbers easy to calculate mentally.
algebra,Create a two-step problem about finding an unknown number in a simple equation. Use stickers. Make it easy. Avoid decimals and negative numbers.
algebra,Create a simple challenge question about finding an unknown number in a simple equation. Use water bottles. Make it moderate. Use simple vocabulary suitable for elementary students.
algebra,Create a question that asks students to explain their reasoning about finding an unknown number in a simple equation. Use books. Make it very easy. Use simple vocabulary suitable for elementary students.
algebra,"Write a real-life classroom problem with a missing value represented by a box or letter in a situation about fruit baskets. Ask for a written answer, not a drawing."
algebra,Write a short word problem where students translate a short situation about bus passengers into a simple equation. Use simple vocabulary suitable for elementary students.
algebra,Create a true-or-false question with a brief explanation about finding an unknown number in a simple equation. Use notebooks. Make it very easy. Use simple vocabulary suitable for elementary students.
algebra,Write a question that asks students to explain their reasoning where students translate a short situation about school supplies into a simple equation. Use whole numbers only.
algebra,Create a short word problem about finding an unknown number in a simple equation. Use toy cars. Make it moderate. Make the numbers easy to calculate mentally.
algebra,Create a short word problem about finding an unknown number in a simple equation. Use flowers. Make it very easy. Add one short hint.
algebra,Generate a short word problem that asks students to check which value makes an equation true. Use stickers. Add one short hint.
algebra,"Write a two-step problem where students translate a short situation about marbles into a simple equation. Ask for a written answer, not a drawing."
algebra,Create a question that asks students to explain their reasoning about finding an unknown number in a simple equation. Use bus passengers. Make it moderate. Make the numbers easy to calculate mentally.
algebra,Generate a real-life classroom problem that asks students to check which value makes an equation true. Use garden plants. Add one short hint.
algebra,Create a true-or-false question with a brief explanation about finding an unknown number in a simple equation. Use flowers. Make it very easy. Include the correct answer.
algebra,Write a multiple-choice question with four options with a missing value represented by a box or letter in a situation about toy cars. Include the correct answer.
algebra,Create a real-life classroom problem about finding an unknown number in a simple equation. Use fruit baskets. Make it easy. Make the numbers easy to calculate mentally.
algebra,Create a short word problem about finding an unknown number in a simple equation. Use marbles. Make it easy. Use whole numbers only.
algebra,Create a two-step problem about finding an unknown number in a simple equation. Use notebooks. Make it very easy. Avoid decimals and negative numbers.
algebra,Generate a fill-in-the-blank question that asks students to identify and continue a simple numerical pattern related to animals on a farm. Use simple vocabulary suitable for elementary students.
algebra,Create a real-life classroom problem about finding an unknown number in a simple equation. Use school supplies. Make it slightly challenging. Use simple vocabulary suitable for elementary students.
algebra,"Create a two-step problem about finding an unknown number in a simple equation. Use marbles. Make it moderate. Ask for a written answer, not a drawing."
algebra,Create a true-or-false question with a brief explanation using an equation such as x + a = b or x - a = b. Use stickers. Make the numbers easy to calculate mentally.
algebra,Generate a true-or-false question with a brief explanation that asks students to identify and continue a simple numerical pattern related to colored blocks. Avoid decimals and negative numbers.
algebra,Write a true-or-false question with a brief explanation with a missing value represented by a box or letter in a situation about toy cars. Include the correct answer.
algebra,Write a two-step problem where students translate a short situation about school supplies into a simple equation. Make the numbers easy to calculate mentally.
algebra,Write a true-or-false question with a brief explanation with a missing value represented by a box or letter in a situation about recycling bins. Make the numbers easy to calculate mentally.
algebra,Create a fill-in-the-blank question about finding an unknown number in a simple equation. Use flowers. Make it easy. Use whole numbers only.
algebra,Create a two-step problem about finding an unknown number in a simple equation. Use marbles. Make it very easy. Keep the question under 45 words.
algebra,Create a multiple-choice question with four options about finding an unknown number in a simple equation. Use flowers. Make it moderate. Keep the question under 45 words.
algebra,Create a simple challenge question about finding an unknown number in a simple equation. Use pencils. Make it easy. Add one short hint.
algebra,Create a short word problem about finding an unknown number in a simple equation. Use recycling bins. Make it easy. Avoid decimals and negative numbers.
algebra,Create a multiple-choice question with four options about finding an unknown number in a simple equation. Use toy cars. Make it easy. Make the numbers easy to calculate mentally.
algebra,Write a multiple-choice question with four options where students translate a short situation about marbles into a simple equation. Add one short hint.
algebra,Create a multiple-choice question with four options about finding an unknown number in a simple equation. Use garden plants. Make it easy. Avoid decimals and negative numbers.
algebra,Write a two-step problem with a missing value represented by a box or letter in a situation about recycling bins. Include the correct answer.
algebra,Create a question that asks students to explain their reasoning about finding an unknown number in a simple equation. Use cookies. Make it slightly challenging. Include the correct answer.
algebra,Write a true-or-false question with a brief explanation where students translate a short situation about school supplies into a simple equation. Use simple vocabulary suitable for elementary students.
algebra,Write a true-or-false question with a brief explanation where students translate a short situation about toy cars into a simple equation. Keep the question under 45 words.
algebra,Create a short word problem about finding an unknown number in a simple equation. Use books. Make it easy. Keep the question under 45 words.
algebra,"Create a fill-in-the-blank question using an equation such as x + a = b or x - a = b. Use water bottles. Ask for a written answer, not a drawing."
algebra,Create a multiple-choice question with four options about finding an unknown number in a simple equation. Use stickers. Make it moderate. Avoid decimals and negative numbers.
algebra,"Create a real-life classroom problem about finding an unknown number in a simple equation. Use recycling bins. Make it very easy. Ask for a written answer, not a drawing."
algebra,Create a two-step problem about finding an unknown number in a simple equation. Use stickers. Make it easy. Make the numbers easy to calculate mentally.
algebra,Create a question that asks students to explain their reasoning about finding an unknown number in a simple equation. Use birthday candles. Make it easy. Keep the question under 45 words.
algebra,Generate a real-life classroom problem that asks students to identify and continue a simple numerical pattern related to sports balls. Use whole numbers only.
algebra,Create a true-or-false question with a brief explanation about finding an unknown number in a simple equation. Use marbles. Make it easy. Include the correct answer.
algebra,Write a two-step problem where students translate a short situation about colored blocks into a simple equation. Avoid decimals and negative numbers.
algebra,"Create a two-step problem about finding an unknown number in a simple equation. Use birthday candles. Make it slightly challenging. Ask for a written answer, not a drawing."
algebra,"Generate a two-step problem that asks students to check which value makes an equation true. Use cookies. Ask for a written answer, not a drawing."
algebra,Generate a simple challenge question that asks students to check which value makes an equation true. Use coins. Add one short hint.
algebra,Create a two-step problem about finding an unknown number in a simple equation. Use classroom chairs. Make it moderate. Make the numbers easy to calculate mentally.
algebra,Write a short word problem where students translate a short situation about books into a simple equation. Use simple vocabulary suitable for elementary students.
algebra,Create a question that asks students to explain their reasoning about finding an unknown number in a simple equation. Use classroom chairs. Make it moderate. Avoid decimals and negative numbers.
algebra,Create a two-step problem about finding an unknown number in a simple equation. Use bus passengers. Make it easy. Add one short hint.
algebra,Write a two-step problem with a missing value represented by a box or letter in a situation about cookies. Add one short hint.
algebra,Create a fill-in-the-blank question about finding an unknown number in a simple equation. Use animals on a farm. Make it very easy. Use simple vocabulary suitable for elementary students.
algebra,Write a two-step problem with a missing value represented by a box or letter in a situation about water bottles. Add one short hint.
algebra,"Create a real-life classroom problem about finding an unknown number in a simple equation. Use colored blocks. Make it easy. Ask for a written answer, not a drawing."
algebra,Create a question that asks students to explain their reasoning about finding an unknown number in a simple equation. Use animals on a farm. Make it slightly challenging. Add one short hint.
algebra,Generate a simple challenge question that asks students to check which value makes an equation true. Use birthday candles. Make the numbers easy to calculate mentally.
algebra,Write a short word problem where students translate a short situation about flowers into a simple equation. Include the correct answer.
algebra,Write a multiple-choice question with four options where students translate a short situation about sports balls into a simple equation. Make the numbers easy to calculate mentally.
algebra,Create a question that asks students to explain their reasoning about finding an unknown number in a simple equation. Use colored blocks. Make it moderate. Include the correct answer.
algebra,Generate a multiple-choice question with four options that asks students to identify and continue a simple numerical pattern related to colored blocks. Keep the question under 45 words.
algebra,Generate a true-or-false question with a brief explanation that asks students to check which value makes an equation true. Use marbles. Use simple vocabulary suitable for elementary students.
algebra,Generate a short word problem that asks students to check which value makes an equation true. Use birthday candles. Use simple vocabulary suitable for elementary students.
algebra,Write a short word problem with a missing value represented by a box or letter in a situation about notebooks. Use simple vocabulary suitable for elementary students.
algebra,Create a multiple-choice question with four options about finding an unknown number in a simple equation. Use classroom chairs. Make it very easy. Add one short hint.
algebra,Create a true-or-false question with a brief explanation using an equation such as x + a = b or x - a = b. Use garden plants. Include the correct answer.
algebra,Create a fill-in-the-blank question about finding an unknown number in a simple equation. Use stickers. Make it very easy. Avoid decimals and negative numbers.
algebra,Generate a fill-in-the-blank question that asks students to identify and continue a simple numerical pattern related to water bottles. Use whole numbers only.
algebra,Write a question that asks students to explain their reasoning with a missing value represented by a box or letter in a situation about school supplies. Make the numbers easy to calculate mentally.
algebra,Create a true-or-false question with a brief explanation about finding an unknown number in a simple equation. Use classroom chairs. Make it slightly challenging. Add one short hint.
algebra,Generate a fill-in-the-blank question that asks students to identify and continue a simple numerical pattern related to notebooks. Use whole numbers only.
algebra,Generate a real-life classroom problem that asks students to identify and continue a simple numerical pattern related to sports balls. Make the numbers easy to calculate mentally.
algebra,Write a simple challenge question with a missing value represented by a box or letter in a situation about garden plants. Avoid decimals and negative numbers.
algebra,Create a simple challenge question about finding an unknown number in a simple equation. Use garden plants. Make it very easy. Keep the question under 45 words.
algebra,"Create a multiple-choice question with four options using an equation such as x + a = b or x - a = b. Use bus passengers. Ask for a written answer, not a drawing."
algebra,"Create a short word problem using an equation such as x + a = b or x - a = b. Use sports balls. Ask for a written answer, not a drawing."
algebra,Create a question that asks students to explain their reasoning about finding an unknown number in a simple equation. Use bus passengers. Make it slightly challenging. Keep the question under 45 words.
algebra,Write a true-or-false question with a brief explanation where students translate a short situation about notebooks into a simple equation. Use simple vocabulary suitable for elementary students.
algebra,Write a simple challenge question with a missing value represented by a box or letter in a situation about coins. Use whole numbers only.
algebra,Create a question that asks students to explain their reasoning about finding an unknown number in a simple equation. Use classroom chairs. Make it easy. Add one short hint.
algebra,Create a simple challenge question about finding an unknown number in a simple equation. Use notebooks. Make it slightly challenging. Keep the question under 45 words.
algebra,Create a question that asks students to explain their reasoning about finding an unknown number in a simple equation. Use school supplies. Make it easy. Avoid decimals and negative numbers.
algebra,Generate a simple challenge question that asks students to check which value makes an equation true. Use birthday candles. Keep the question under 45 words.
algebra,Create a short word problem about finding an unknown number in a simple equation. Use cookies. Make it easy. Make the numbers easy to calculate mentally.
algebra,Create a multiple-choice question with four options using an equation such as x + a = b or x - a = b. Use marbles. Avoid decimals and negative numbers.
algebra,Write a question that asks students to explain their reasoning with a missing value represented by a box or letter in a situation about stickers. Add one short hint.
algebra,Create a fill-in-the-blank question using an equation such as x + a = b or x - a = b. Use birthday candles. Make the numbers easy to calculate mentally.
algebra,Write a simple challenge question with a missing value represented by a box or letter in a situation about stickers. Keep the question under 45 words.
algebra,Write a fill-in-the-blank question with a missing value represented by a box or letter in a situation about toy cars. Make the numbers easy to calculate mentally.
algebra,Create a real-life classroom problem about finding an unknown number in a simple equation. Use water bottles. Make it easy. Use simple vocabulary suitable for elementary students.
algebra,Create a short word problem about finding an unknown number in a simple equation. Use toy cars. Make it slightly challenging. Avoid decimals and negative numbers.
algebra,Write a question that asks students to explain their reasoning with a missing value represented by a box or letter in a situation about cookies. Use simple vocabulary suitable for elementary students.
algebra,"Create a question that asks students to explain their reasoning using an equation such as x + a = b or x - a = b. Use garden plants. Ask for a written answer, not a drawing."
algebra,Generate a real-life classroom problem that asks students to identify and continue a simple numerical pattern related to flowers. Keep the question under 45 words.
algebra,"Generate a question that asks students to explain their reasoning that asks students to check which value makes an equation true. Use pencils. Ask for a written answer, not a drawing."
algebra,Create a short word problem about finding an unknown number in a simple equation. Use pencils. Make it easy. Make the numbers easy to calculate mentally.
algebra,Create a multiple-choice question with four options about finding an unknown number in a simple equation. Use garden plants. Make it slightly challenging. Use whole numbers only.
algebra,Create a true-or-false question with a brief explanation about finding an unknown number in a simple equation. Use classroom chairs. Make it very easy. Keep the question under 45 words.
algebra,Create a two-step problem about finding an unknown number in a simple equation. Use fruit baskets. Make it easy. Use whole numbers only.
algebra,"Write a two-step problem with a missing value represented by a box or letter in a situation about cookies. Ask for a written answer, not a drawing."
algebra,"Create a fill-in-the-blank question using an equation such as x + a = b or x - a = b. Use toy cars. Ask for a written answer, not a drawing."
algebra,Create a true-or-false question with a brief explanation using an equation such as x + a = b or x - a = b. Use coins. Use whole numbers only.
algebra,Generate a simple challenge question that asks students to identify and continue a simple numerical pattern related to cookies. Use simple vocabulary suitable for elementary students.
algebra,"Generate a multiple-choice question with four options that asks students to identify and continue a simple numerical pattern related to toy cars. Ask for a written answer, not a drawing."
algebra,"Write a real-life classroom problem where students translate a short situation about toy cars into a simple equation. Ask for a written answer, not a drawing."
algebra,"Create a simple challenge question about finding an unknown number in a simple equation. Use cookies. Make it easy. Ask for a written answer, not a drawing."
algebra,Write a true-or-false question with a brief explanation with a missing value represented by a box or letter in a situation about garden plants. Use simple vocabulary suitable for elementary students.
algebra,Create a short word problem about finding an unknown number in a simple equation. Use marbles. Make it easy. Keep the question under 45 words.
algebra,Create a question that asks students to explain their reasoning about finding an unknown number in a simple equation. Use animals on a farm. Make it easy. Make the numbers easy to calculate mentally.
algebra,Create a fill-in-the-blank question about finding an unknown number in a simple equation. Use bus passengers. Make it very easy. Use whole numbers only.
algebra,Create a real-life classroom problem about finding an unknown number in a simple equation. Use classroom chairs. Make it easy. Avoid decimals and negative numbers.
algebra,Create a simple challenge question about finding an unknown number in a simple equation. Use birthday candles. Make it moderate. Avoid decimals and negative numbers.
algebra,Create a question that asks students to explain their reasoning about finding an unknown number in a simple equation. Use marbles. Make it moderate. Make the numbers easy to calculate mentally.
algebra,Create a two-step problem about finding an unknown number in a simple equation. Use coins. Make it very easy. Add one short hint.
algebra,"Create a real-life classroom problem about finding an unknown number in a simple equation. Use animals on a farm. Make it very easy. Ask for a written answer, not a drawing."
algebra,Create a multiple-choice question with four options using an equation such as x + a = b or x - a = b. Use animals on a farm. Make the numbers easy to calculate mentally.
algebra,Generate a multiple-choice question with four options that asks students to check which value makes an equation true. Use colored blocks. Avoid decimals and negative numbers.
algebra,Create a multiple-choice question with four options using an equation such as x + a = b or x - a = b. Use colored blocks. Use simple vocabulary suitable for elementary students.
algebra,Generate a fill-in-the-blank question that asks students to check which value makes an equation true. Use sports balls. Use whole numbers only.
algebra,Generate a multiple-choice question with four options that asks students to identify and continue a simple numerical pattern related to books. Use simple vocabulary suitable for elementary students.
algebra,Generate a simple challenge question that asks students to check which value makes an equation true. Use notebooks. Make the numbers easy to calculate mentally.
algebra,Create a short word problem about finding an unknown number in a simple equation. Use toy cars. Make it slightly challenging. Make the numbers easy to calculate mentally.
algebra,Generate a simple challenge question that asks students to check which value makes an equation true. Use colored blocks. Make the numbers easy to calculate mentally.
algebra,"Create a real-life classroom problem about finding an unknown number in a simple equation. Use coins. Make it easy. Ask for a written answer, not a drawing."
algebra,Create a real-life classroom problem using an equation such as x + a = b or x - a = b. Use stickers. Avoid decimals and negative numbers.
algebra,Create a true-or-false question with a brief explanation about finding an unknown number in a simple equation. Use flowers. Make it slightly challenging. Use whole numbers only.
algebra,Write a fill-in-the-blank question with a missing value represented by a box or letter in a situation about fruit baskets. Use simple vocabulary suitable for elementary students.
algebra,Write a short word problem with a missing value represented by a box or letter in a situation about school supplies. Use simple vocabulary suitable for elementary students.
algebra,Generate a multiple-choice question with four options that asks students to check which value makes an equation true. Use cookies. Make the numbers easy to calculate mentally.
algebra,Generate a two-step problem that asks students to identify and continue a simple numerical pattern related to coins. Add one short hint.
algebra,Generate a real-life classroom problem that asks students to check which value makes an equation true. Use coins. Avoid decimals and negative numbers.
geometry,Create a two-step problem about identifying or comparing basic geometric shapes in school supplies. Make it slightly challenging. Add one short hint.
geometry,"Write a short word problem about symmetry, position, or spatial relationships using sports balls. Use whole numbers only."
geometry,Create a short word problem about identifying or comparing basic geometric shapes in toy cars. Make it slightly challenging. Use simple vocabulary suitable for elementary students.
geometry,"Write a simple challenge question about symmetry, position, or spatial relationships using water bottles. Use whole numbers only."
geometry,Create a fill-in-the-blank question where students calculate a simple perimeter using whole-number side lengths. Use coins. Use simple vocabulary suitable for elementary students.
geometry,"Write a short word problem that asks about sides, vertices, or angles of a basic shape. Connect it to animals on a farm. Use simple vocabulary suitable for elementary students."
geometry,Create a simple challenge question about identifying or comparing basic geometric shapes in flowers. Make it easy. Add one short hint.
geometry,"Create a real-life classroom problem about identifying or comparing basic geometric shapes in books. Make it moderate. Ask for a written answer, not a drawing."
geometry,Generate a real-life classroom problem about classifying a 2D or 3D shape using simple properties. Use school supplies. Make the numbers easy to calculate mentally.
geometry,Create a question that asks students to explain their reasoning where students calculate a simple perimeter using whole-number side lengths. Use recycling bins. Include the correct answer.
geometry,Create a simple challenge question where students calculate a simple perimeter using whole-number side lengths. Use cookies. Include the correct answer.
geometry,Create a simple challenge question where students calculate a simple perimeter using whole-number side lengths. Use colored blocks. Make the numbers easy to calculate mentally.
geometry,Create a short word problem about identifying or comparing basic geometric shapes in water bottles. Make it easy. Keep the question under 45 words.
geometry,"Create a two-step problem where students calculate a simple perimeter using whole-number side lengths. Use flowers. Ask for a written answer, not a drawing."
geometry,"Create a short word problem about identifying or comparing basic geometric shapes in water bottles. Make it slightly challenging. Ask for a written answer, not a drawing."
geometry,Create a two-step problem about identifying or comparing basic geometric shapes in water bottles. Make it slightly challenging. Add one short hint.
geometry,"Write a simple challenge question about symmetry, position, or spatial relationships using books. Use whole numbers only."
geometry,Create a simple challenge question about identifying or comparing basic geometric shapes in books. Make it moderate. Add one short hint.
geometry,Create a question that asks students to explain their reasoning about identifying or comparing basic geometric shapes in classroom chairs. Make it very easy. Use simple vocabulary suitable for elementary students.
geometry,"Write a real-life classroom problem that asks about sides, vertices, or angles of a basic shape. Connect it to toy cars. Include the correct answer."
geometry,Generate a short word problem about classifying a 2D or 3D shape using simple properties. Use animals on a farm. Add one short hint.
geometry,"Create a fill-in-the-blank question about identifying or comparing basic geometric shapes in cookies. Make it very easy. Ask for a written answer, not a drawing."
geometry,Create a question that asks students to explain their reasoning about identifying or comparing basic geometric shapes in books. Make it very easy. Make the numbers easy to calculate mentally.
geometry,Create a multiple-choice question with four options about identifying or comparing basic geometric shapes in water bottles. Make it slightly challenging. Make the numbers easy to calculate mentally.
geometry,Create a simple challenge question about identifying or comparing basic geometric shapes in classroom chairs. Make it slightly challenging. Avoid decimals and negative numbers.
geometry,Create a two-step problem where students calculate a simple perimeter using whole-number side lengths. Use garden plants. Avoid decimals and negative numbers.
geometry,"Write a real-life classroom problem about symmetry, position, or spatial relationships using animals on a farm. Include the correct answer."
geometry,"Write a two-step problem that asks about sides, vertices, or angles of a basic shape. Connect it to marbles. Add one short hint."
geometry,Create a simple challenge question about identifying or comparing basic geometric shapes in garden plants. Make it very easy. Use simple vocabulary suitable for elementary students.
geometry,"Create a two-step problem about identifying or comparing basic geometric shapes in water bottles. Make it easy. Ask for a written answer, not a drawing."
geometry,Create a two-step problem about identifying or comparing basic geometric shapes in garden plants. Make it moderate. Keep the question under 45 words.
geometry,"Write a fill-in-the-blank question about symmetry, position, or spatial relationships using cookies. Avoid decimals and negative numbers."
geometry,"Write a question that asks students to explain their reasoning that asks about sides, vertices, or angles of a basic shape. Connect it to school supplies. Keep the question under 45 words."
geometry,Create a fill-in-the-blank question where students calculate a simple perimeter using whole-number side lengths. Use cookies. Include the correct answer.
geometry,"Write a question that asks students to explain their reasoning that asks about sides, vertices, or angles of a basic shape. Connect it to bus passengers. Avoid decimals and negative numbers."
geometry,Create a two-step problem about identifying or comparing basic geometric shapes in school supplies. Make it slightly challenging. Avoid decimals and negative numbers.
geometry,Create a two-step problem about identifying or comparing basic geometric shapes in pencils. Make it moderate. Add one short hint.
geometry,"Create a two-step problem where students calculate a simple perimeter using whole-number side lengths. Use cookies. Ask for a written answer, not a drawing."
geometry,Create a real-life classroom problem about identifying or comparing basic geometric shapes in water bottles. Make it easy. Add one short hint.
geometry,"Write a simple challenge question that asks about sides, vertices, or angles of a basic shape. Connect it to fruit baskets. Use simple vocabulary suitable for elementary students."
geometry,Create a real-life classroom problem about identifying or comparing basic geometric shapes in coins. Make it easy. Make the numbers easy to calculate mentally.
geometry,Create a two-step problem about identifying or comparing basic geometric shapes in notebooks. Make it moderate. Use simple vocabulary suitable for elementary students.
geometry,Create a short word problem about identifying or comparing basic geometric shapes in animals on a farm. Make it moderate. Use simple vocabulary suitable for elementary students.
geometry,Create a true-or-false question with a brief explanation where students calculate a simple perimeter using whole-number side lengths. Use marbles. Include the correct answer.
geometry,"Write a question that asks students to explain their reasoning about symmetry, position, or spatial relationships using coins. Add one short hint."
geometry,Create a multiple-choice question with four options about identifying or comparing basic geometric shapes in notebooks. Make it very easy. Keep the question under 45 words.
geometry,"Write a two-step problem that asks about sides, vertices, or angles of a basic shape. Connect it to water bottles. Avoid decimals and negative numbers."
geometry,"Create a question that asks students to explain their reasoning about identifying or comparing basic geometric shapes in animals on a farm. Make it moderate. Ask for a written answer, not a drawing."
geometry,Create a simple challenge question about identifying or comparing basic geometric shapes in coins. Make it easy. Use whole numbers only.
geometry,Create a multiple-choice question with four options about identifying or comparing basic geometric shapes in recycling bins. Make it very easy. Include the correct answer.
geometry,"Write a true-or-false question with a brief explanation about symmetry, position, or spatial relationships using flowers. Keep the question under 45 words."
geometry,Create a short word problem about identifying or comparing basic geometric shapes in notebooks. Make it slightly challenging. Avoid decimals and negative numbers.
geometry,Create a true-or-false question with a brief explanation about identifying or comparing basic geometric shapes in colored blocks. Make it easy. Make the numbers easy to calculate mentally.
geometry,Create a two-step problem about identifying or comparing basic geometric shapes in flowers. Make it slightly challenging. Use whole numbers only.
geometry,"Create a question that asks students to explain their reasoning about identifying or comparing basic geometric shapes in books. Make it moderate. Ask for a written answer, not a drawing."
geometry,Create a simple challenge question where students calculate a simple perimeter using whole-number side lengths. Use colored blocks. Use simple vocabulary suitable for elementary students.
geometry,"Generate a simple challenge question about classifying a 2D or 3D shape using simple properties. Use stickers. Ask for a written answer, not a drawing."
geometry,Create a real-life classroom problem about identifying or comparing basic geometric shapes in cookies. Make it very easy. Avoid decimals and negative numbers.
geometry,Create a simple challenge question about identifying or comparing basic geometric shapes in school supplies. Make it easy. Add one short hint.
geometry,Create a short word problem about identifying or comparing basic geometric shapes in stickers. Make it easy. Make the numbers easy to calculate mentally.
geometry,Generate a short word problem about classifying a 2D or 3D shape using simple properties. Use stickers. Use whole numbers only.
geometry,"Write a multiple-choice question with four options about symmetry, position, or spatial relationships using pencils. Use whole numbers only."
geometry,Create a true-or-false question with a brief explanation about identifying or comparing basic geometric shapes in school supplies. Make it easy. Avoid decimals and negative numbers.
geometry,Create a real-life classroom problem about identifying or comparing basic geometric shapes in fruit baskets. Make it very easy. Use whole numbers only.
geometry,Create a multiple-choice question with four options about identifying or comparing basic geometric shapes in classroom chairs. Make it very easy. Include the correct answer.
geometry,Create a multiple-choice question with four options about identifying or comparing basic geometric shapes in birthday candles. Make it moderate. Use simple vocabulary suitable for elementary students.
geometry,Create a multiple-choice question with four options where students calculate a simple perimeter using whole-number side lengths. Use stickers. Use whole numbers only.
geometry,Create a true-or-false question with a brief explanation where students calculate a simple perimeter using whole-number side lengths. Use colored blocks. Avoid decimals and negative numbers.
geometry,Create a fill-in-the-blank question about identifying or comparing basic geometric shapes in flowers. Make it moderate. Keep the question under 45 words.
geometry,Generate a true-or-false question with a brief explanation about classifying a 2D or 3D shape using simple properties. Use birthday candles. Use simple vocabulary suitable for elementary students.
geometry,Generate a two-step problem about classifying a 2D or 3D shape using simple properties. Use colored blocks. Keep the question under 45 words.
geometry,"Write a simple challenge question about symmetry, position, or spatial relationships using recycling bins. Include the correct answer."
geometry,Create a short word problem about identifying or comparing basic geometric shapes in birthday candles. Make it slightly challenging. Add one short hint.
geometry,Generate a short word problem about classifying a 2D or 3D shape using simple properties. Use animals on a farm. Keep the question under 45 words.
geometry,Generate a simple challenge question about classifying a 2D or 3D shape using simple properties. Use garden plants. Include the correct answer.
geometry,Create a question that asks students to explain their reasoning where students calculate a simple perimeter using whole-number side lengths. Use recycling bins. Avoid decimals and negative numbers.
geometry,Create a multiple-choice question with four options about identifying or comparing basic geometric shapes in sports balls. Make it easy. Include the correct answer.
geometry,Create a question that asks students to explain their reasoning where students calculate a simple perimeter using whole-number side lengths. Use sports balls. Make the numbers easy to calculate mentally.
geometry,Create a fill-in-the-blank question where students calculate a simple perimeter using whole-number side lengths. Use toy cars. Avoid decimals and negative numbers.
geometry,Create a simple challenge question about identifying or comparing basic geometric shapes in bus passengers. Make it moderate. Make the numbers easy to calculate mentally.
geometry,"Create a question that asks students to explain their reasoning about identifying or comparing basic geometric shapes in school supplies. Make it moderate. Ask for a written answer, not a drawing."
geometry,Create a fill-in-the-blank question about identifying or comparing basic geometric shapes in toy cars. Make it moderate. Use whole numbers only.
geometry,"Write a true-or-false question with a brief explanation about symmetry, position, or spatial relationships using stickers. Add one short hint."
geometry,Create a true-or-false question with a brief explanation about identifying or comparing basic geometric shapes in fruit baskets. Make it slightly challenging. Include the correct answer.
geometry,"Write a simple challenge question that asks about sides, vertices, or angles of a basic shape. Connect it to toy cars. Use whole numbers only."
geometry,Create a question that asks students to explain their reasoning about identifying or comparing basic geometric shapes in notebooks. Make it moderate. Make the numbers easy to calculate mentally.
geometry,"Generate a two-step problem that asks students to distinguish between triangles, quadrilaterals, circles, cubes, and rectangular prisms. Use whole numbers only."
geometry,Create a fill-in-the-blank question about identifying or comparing basic geometric shapes in colored blocks. Make it slightly challenging. Avoid decimals and negative numbers.
geometry,Create a multiple-choice question with four options about identifying or comparing basic geometric shapes in marbles. Make it very easy. Use whole numbers only.
geometry,Create a question that asks students to explain their reasoning about identifying or comparing basic geometric shapes in coins. Make it moderate. Use whole numbers only.
geometry,Create a real-life classroom problem about identifying or comparing basic geometric shapes in recycling bins. Make it easy. Include the correct answer.
geometry,Create a question that asks students to explain their reasoning about identifying or comparing basic geometric shapes in cookies. Make it easy. Use simple vocabulary suitable for elementary students.
geometry,Create a true-or-false question with a brief explanation about identifying or comparing basic geometric shapes in stickers. Make it moderate. Add one short hint.
geometry,Create a fill-in-the-blank question where students calculate a simple perimeter using whole-number side lengths. Use birthday candles. Include the correct answer.
geometry,Generate a simple challenge question about classifying a 2D or 3D shape using simple properties. Use animals on a farm. Keep the question under 45 words.
geometry,"Write a question that asks students to explain their reasoning about symmetry, position, or spatial relationships using school supplies. Avoid decimals and negative numbers."
geometry,"Write a simple challenge question about symmetry, position, or spatial relationships using colored blocks. Include the correct answer."
geometry,Create a fill-in-the-blank question about identifying or comparing basic geometric shapes in toy cars. Make it slightly challenging. Make the numbers easy to calculate mentally.
geometry,"Create a multiple-choice question with four options about identifying or comparing basic geometric shapes in notebooks. Make it very easy. Ask for a written answer, not a drawing."
geometry,Create a simple challenge question where students calculate a simple perimeter using whole-number side lengths. Use pencils. Use whole numbers only.
geometry,"Write a fill-in-the-blank question that asks about sides, vertices, or angles of a basic shape. Connect it to stickers. Use simple vocabulary suitable for elementary students."
geometry,Create a simple challenge question about identifying or comparing basic geometric shapes in birthday candles. Make it easy. Keep the question under 45 words.
geometry,Create a short word problem about identifying or comparing basic geometric shapes in birthday candles. Make it very easy. Use whole numbers only.
geometry,Create a two-step problem where students calculate a simple perimeter using whole-number side lengths. Use recycling bins. Avoid decimals and negative numbers.
geometry,"Create a short word problem about identifying or comparing basic geometric shapes in school supplies. Make it moderate. Ask for a written answer, not a drawing."
geometry,Create a short word problem where students calculate a simple perimeter using whole-number side lengths. Use sports balls. Avoid decimals and negative numbers.
geometry,Create a two-step problem where students calculate a simple perimeter using whole-number side lengths. Use pencils. Use simple vocabulary suitable for elementary students.
geometry,"Write a multiple-choice question with four options that asks about sides, vertices, or angles of a basic shape. Connect it to garden plants. Ask for a written answer, not a drawing."
geometry,Create a multiple-choice question with four options about identifying or comparing basic geometric shapes in birthday candles. Make it slightly challenging. Keep the question under 45 words.
geometry,Generate a simple challenge question about classifying a 2D or 3D shape using simple properties. Use classroom chairs. Use simple vocabulary suitable for elementary students.
geometry,Create a question that asks students to explain their reasoning about identifying or comparing basic geometric shapes in coins. Make it slightly challenging. Keep the question under 45 words.
geometry,Create a real-life classroom problem where students calculate a simple perimeter using whole-number side lengths. Use flowers. Avoid decimals and negative numbers.
geometry,Generate a two-step problem about classifying a 2D or 3D shape using simple properties. Use flowers. Use simple vocabulary suitable for elementary students.
geometry,"Write a question that asks students to explain their reasoning that asks about sides, vertices, or angles of a basic shape. Connect it to animals on a farm. Include the correct answer."
geometry,Create a short word problem about identifying or comparing basic geometric shapes in sports balls. Make it easy. Use whole numbers only.
geometry,Generate a multiple-choice question with four options about classifying a 2D or 3D shape using simple properties. Use sports balls. Make the numbers easy to calculate mentally.
geometry,"Write a fill-in-the-blank question about symmetry, position, or spatial relationships using marbles. Include the correct answer."
geometry,"Create a fill-in-the-blank question about identifying or comparing basic geometric shapes in fruit baskets. Make it slightly challenging. Ask for a written answer, not a drawing."
geometry,"Write a multiple-choice question with four options that asks about sides, vertices, or angles of a basic shape. Connect it to water bottles. Ask for a written answer, not a drawing."
geometry,Generate a simple challenge question about classifying a 2D or 3D shape using simple properties. Use cookies. Make the numbers easy to calculate mentally.
geometry,"Write a short word problem about symmetry, position, or spatial relationships using birthday candles. Keep the question under 45 words."
geometry,Generate a question that asks students to explain their reasoning about classifying a 2D or 3D shape using simple properties. Use books. Make the numbers easy to calculate mentally.
geometry,Create a fill-in-the-blank question about identifying or comparing basic geometric shapes in recycling bins. Make it slightly challenging. Use simple vocabulary suitable for elementary students.
geometry,"Write a question that asks students to explain their reasoning about symmetry, position, or spatial relationships using pencils. Avoid decimals and negative numbers."
geometry,"Create a question that asks students to explain their reasoning about identifying or comparing basic geometric shapes in birthday candles. Make it very easy. Ask for a written answer, not a drawing."
geometry,"Generate a multiple-choice question with four options that asks students to distinguish between triangles, quadrilaterals, circles, cubes, and rectangular prisms. Use simple vocabulary suitable for elementary students."
geometry,Create a simple challenge question about identifying or comparing basic geometric shapes in books. Make it slightly challenging. Add one short hint.
geometry,Create a real-life classroom problem about identifying or comparing basic geometric shapes in recycling bins. Make it very easy. Add one short hint.
geometry,"Write a multiple-choice question with four options that asks about sides, vertices, or angles of a basic shape. Connect it to notebooks. Keep the question under 45 words."
geometry,"Write a simple challenge question that asks about sides, vertices, or angles of a basic shape. Connect it to stickers. Ask for a written answer, not a drawing."
geometry,"Write a two-step problem about symmetry, position, or spatial relationships using water bottles. Use whole numbers only."
geometry,"Write a real-life classroom problem about symmetry, position, or spatial relationships using stickers. Ask for a written answer, not a drawing."
geometry,Create a fill-in-the-blank question about identifying or comparing basic geometric shapes in fruit baskets. Make it moderate. Keep the question under 45 words.
geometry,"Write a short word problem about symmetry, position, or spatial relationships using bus passengers. Keep the question under 45 words."
geometry,Create a multiple-choice question with four options where students calculate a simple perimeter using whole-number side lengths. Use recycling bins. Add one short hint.
geometry,Generate a question that asks students to explain their reasoning about classifying a 2D or 3D shape using simple properties. Use school supplies. Keep the question under 45 words.
geometry,Create a short word problem about identifying or comparing basic geometric shapes in cookies. Make it easy. Make the numbers easy to calculate mentally.
geometry,Create a multiple-choice question with four options about identifying or comparing basic geometric shapes in marbles. Make it very easy. Use simple vocabulary suitable for elementary students.
geometry,Create a multiple-choice question with four options where students calculate a simple perimeter using whole-number side lengths. Use stickers. Keep the question under 45 words.
geometry,"Create a real-life classroom problem where students calculate a simple perimeter using whole-number side lengths. Use school supplies. Ask for a written answer, not a drawing."
geometry,Create a short word problem about identifying or comparing basic geometric shapes in stickers. Make it moderate. Use simple vocabulary suitable for elementary students.
geometry,Generate a simple challenge question about classifying a 2D or 3D shape using simple properties. Use recycling bins. Make the numbers easy to calculate mentally.
geometry,Create a short word problem about identifying or comparing basic geometric shapes in recycling bins. Make it very easy. Use whole numbers only.
geometry,Create a question that asks students to explain their reasoning about identifying or comparing basic geometric shapes in bus passengers. Make it easy. Include the correct answer.
geometry,Create a question that asks students to explain their reasoning about identifying or comparing basic geometric shapes in flowers. Make it very easy. Add one short hint.
geometry,Create a fill-in-the-blank question about identifying or comparing basic geometric shapes in flowers. Make it very easy. Add one short hint.
geometry,Create a two-step problem where students calculate a simple perimeter using whole-number side lengths. Use bus passengers. Make the numbers easy to calculate mentally.
geometry,Create a simple challenge question about identifying or comparing basic geometric shapes in flowers. Make it very easy. Use simple vocabulary suitable for elementary students.
geometry,Create a simple challenge question about identifying or comparing basic geometric shapes in coins. Make it easy. Include the correct answer.
geometry,Create a fill-in-the-blank question about identifying or comparing basic geometric shapes in garden plants. Make it moderate. Use simple vocabulary suitable for elementary students.
geometry,Create a simple challenge question about identifying or comparing basic geometric shapes in marbles. Make it easy. Use whole numbers only.
geometry,"Write a real-life classroom problem that asks about sides, vertices, or angles of a basic shape. Connect it to books. Ask for a written answer, not a drawing."
geometry,Create a multiple-choice question with four options about identifying or comparing basic geometric shapes in fruit baskets. Make it easy. Add one short hint.
geometry,"Write a true-or-false question with a brief explanation about symmetry, position, or spatial relationships using toy cars. Avoid decimals and negative numbers."
geometry,Create a true-or-false question with a brief explanation about identifying or comparing basic geometric shapes in water bottles. Make it easy. Avoid decimals and negative numbers.
geometry,"Write a short word problem that asks about sides, vertices, or angles of a basic shape. Connect it to cookies. Keep the question under 45 words."
geometry,Create a simple challenge question about identifying or comparing basic geometric shapes in classroom chairs. Make it very easy. Include the correct answer.
geometry,Create a question that asks students to explain their reasoning about identifying or comparing basic geometric shapes in animals on a farm. Make it easy. Make the numbers easy to calculate mentally.
geometry,Create a real-life classroom problem about identifying or comparing basic geometric shapes in bus passengers. Make it easy. Avoid decimals and negative numbers.
geometry,Create a question that asks students to explain their reasoning about identifying or comparing basic geometric shapes in sports balls. Make it moderate. Make the numbers easy to calculate mentally.
geometry,Create a real-life classroom problem about identifying or comparing basic geometric shapes in bus passengers. Make it easy. Make the numbers easy to calculate mentally.
geometry,Create a multiple-choice question with four options about identifying or comparing basic geometric shapes in fruit baskets. Make it moderate. Add one short hint.
geometry,"Write a multiple-choice question with four options that asks about sides, vertices, or angles of a basic shape. Connect it to classroom chairs. Use whole numbers only."
geometry,"Write a real-life classroom problem that asks about sides, vertices, or angles of a basic shape. Connect it to marbles. Use simple vocabulary suitable for elementary students."
geometry,Create a fill-in-the-blank question about identifying or comparing basic geometric shapes in flowers. Make it easy. Use whole numbers only.
geometry,Create a two-step problem about identifying or comparing basic geometric shapes in colored blocks. Make it easy. Add one short hint.
geometry,Create a true-or-false question with a brief explanation about identifying or comparing basic geometric shapes in marbles. Make it slightly challenging. Add one short hint.
geometry,Create a two-step problem where students calculate a simple perimeter using whole-number side lengths. Use coins. Use whole numbers only.
geometry,Generate a true-or-false question with a brief explanation about classifying a 2D or 3D shape using simple properties. Use animals on a farm. Use simple vocabulary suitable for elementary students.
geometry,"Create a two-step problem about identifying or comparing basic geometric shapes in bus passengers. Make it easy. Ask for a written answer, not a drawing."
geometry,Create a short word problem about identifying or comparing basic geometric shapes in cookies. Make it easy. Use simple vocabulary suitable for elementary students.
geometry,Create a true-or-false question with a brief explanation about identifying or comparing basic geometric shapes in notebooks. Make it moderate. Avoid decimals and negative numbers.
geometry,Create a fill-in-the-blank question about identifying or comparing basic geometric shapes in books. Make it very easy. Use simple vocabulary suitable for elementary students.
geometry,Create a two-step problem about identifying or comparing basic geometric shapes in sports balls. Make it easy. Keep the question under 45 words.
geometry,Create a multiple-choice question with four options about identifying or comparing basic geometric shapes in animals on a farm. Make it slightly challenging. Include the correct answer.
geometry,"Write a short word problem about symmetry, position, or spatial relationships using cookies. Avoid decimals and negative numbers."
geometry,Generate a short word problem about classifying a 2D or 3D shape using simple properties. Use school supplies. Add one short hint.
geometry,Generate a short word problem about classifying a 2D or 3D shape using simple properties. Use animals on a farm. Use whole numbers only.
geometry,"Write a question that asks students to explain their reasoning about symmetry, position, or spatial relationships using classroom chairs. Ask for a written answer, not a drawing."
geometry,Create a short word problem about identifying or comparing basic geometric shapes in classroom chairs. Make it slightly challenging. Make the numbers easy to calculate mentally.
geometry,Create a multiple-choice question with four options about identifying or comparing basic geometric shapes in recycling bins. Make it very easy. Avoid decimals and negative numbers.
geometry,Create a real-life classroom problem about identifying or comparing basic geometric shapes in pencils. Make it slightly challenging. Keep the question under 45 words.
geometry,Create a real-life classroom problem about identifying or comparing basic geometric shapes in classroom chairs. Make it easy. Add one short hint.
geometry,Create a multiple-choice question with four options about identifying or comparing basic geometric shapes in classroom chairs. Make it easy. Use simple vocabulary suitable for elementary students.
geometry,Generate a fill-in-the-blank question about classifying a 2D or 3D shape using simple properties. Use pencils. Add one short hint.
geometry,"Write a simple challenge question that asks about sides, vertices, or angles of a basic shape. Connect it to colored blocks. Add one short hint."
geometry,"Write a short word problem that asks about sides, vertices, or angles of a basic shape. Connect it to notebooks. Ask for a written answer, not a drawing."
geometry,"Create a true-or-false question with a brief explanation about identifying or comparing basic geometric shapes in toy cars. Make it very easy. Ask for a written answer, not a drawing."
geometry,Create a simple challenge question about identifying or comparing basic geometric shapes in school supplies. Make it moderate. Include the correct answer.
geometry,"Write a multiple-choice question with four options about symmetry, position, or spatial relationships using marbles. Include the correct answer."
geometry,"Create a short word problem about identifying or comparing basic geometric shapes in stickers. Make it very easy. Ask for a written answer, not a drawing."
geometry,Create a simple challenge question about identifying or comparing basic geometric shapes in school supplies. Make it moderate. Avoid decimals and negative numbers.
geometry,"Write a two-step problem that asks about sides, vertices, or angles of a basic shape. Connect it to flowers. Avoid decimals and negative numbers."
geometry,Create a simple challenge question about identifying or comparing basic geometric shapes in books. Make it slightly challenging. Avoid decimals and negative numbers.
geometry,Create a two-step problem about identifying or comparing basic geometric shapes in classroom chairs. Make it slightly challenging. Avoid decimals and negative numbers.
geometry,Generate a real-life classroom problem about classifying a 2D or 3D shape using simple properties. Use stickers. Keep the question under 45 words.
geometry,Create a simple challenge question about identifying or comparing basic geometric shapes in garden plants. Make it slightly challenging. Use whole numbers only.
geometry,Create a multiple-choice question with four options about identifying or comparing basic geometric shapes in water bottles. Make it very easy. Add one short hint.
geometry,Create a true-or-false question with a brief explanation where students calculate a simple perimeter using whole-number side lengths. Use classroom chairs. Keep the question under 45 words.
geometry,Create a fill-in-the-blank question about identifying or comparing basic geometric shapes in pencils. Make it moderate. Add one short hint.
geometry,Create a multiple-choice question with four options where students calculate a simple perimeter using whole-number side lengths. Use toy cars. Include the correct answer.
geometry,Create a question that asks students to explain their reasoning about identifying or comparing basic geometric shapes in pencils. Make it very easy. Keep the question under 45 words.
geometry,"Write a fill-in-the-blank question that asks about sides, vertices, or angles of a basic shape. Connect it to marbles. Avoid decimals and negative numbers."
geometry,Create a short word problem where students calculate a simple perimeter using whole-number side lengths. Use toy cars. Use simple vocabulary suitable for elementary students.
geometry,"Generate a question that asks students to explain their reasoning about classifying a 2D or 3D shape using simple properties. Use stickers. Ask for a written answer, not a drawing."
geometry,Create a two-step problem about identifying or comparing basic geometric shapes in cookies. Make it easy. Include the correct answer.
geometry,"Write a real-life classroom problem about symmetry, position, or spatial relationships using stickers. Keep the question under 45 words."
geometry,Generate a two-step problem about classifying a 2D or 3D shape using simple properties. Use cookies. Include the correct answer.
geometry,Create a fill-in-the-blank question about identifying or comparing basic geometric shapes in bus passengers. Make it very easy. Keep the question under 45 words.
geometry,"Write a two-step problem about symmetry, position, or spatial relationships using notebooks. Avoid decimals and negative numbers."
geometry,"Write a short word problem about symmetry, position, or spatial relationships using classroom chairs. Use simple vocabulary suitable for elementary students."
geometry,Create a two-step problem where students calculate a simple perimeter using whole-number side lengths. Use notebooks. Keep the question under 45 words.
geometry,Create a short word problem where students calculate a simple perimeter using whole-number side lengths. Use marbles. Use whole numbers only.
geometry,Generate a short word problem about classifying a 2D or 3D shape using simple properties. Use recycling bins. Avoid decimals and negative numbers.
geometry,Create a simple challenge question about identifying or comparing basic geometric shapes in recycling bins. Make it easy. Include the correct answer.
geometry,Create a two-step problem where students calculate a simple perimeter using whole-number side lengths. Use fruit baskets. Include the correct answer.
geometry,Generate a question that asks students to explain their reasoning about classifying a 2D or 3D shape using simple properties. Use pencils. Use simple vocabulary suitable for elementary students.
geometry,Create a two-step problem about identifying or comparing basic geometric shapes in flowers. Make it very easy. Make the numbers easy to calculate mentally.
geometry,"Write a two-step problem that asks about sides, vertices, or angles of a basic shape. Connect it to flowers. Make the numbers easy to calculate mentally."
geometry,"Create a simple challenge question where students calculate a simple perimeter using whole-number side lengths. Use animals on a farm. Ask for a written answer, not a drawing."
geometry,Create a two-step problem about identifying or comparing basic geometric shapes in fruit baskets. Make it slightly challenging. Make the numbers easy to calculate mentally.
geometry,Generate a simple challenge question about classifying a 2D or 3D shape using simple properties. Use stickers. Use simple vocabulary suitable for elementary students.
geometry,Create a true-or-false question with a brief explanation about identifying or comparing basic geometric shapes in birthday candles. Make it moderate. Keep the question under 45 words.
geometry,"Generate a two-step problem about classifying a 2D or 3D shape using simple properties. Use school supplies. Ask for a written answer, not a drawing."
geometry,Create a simple challenge question where students calculate a simple perimeter using whole-number side lengths. Use toy cars. Include the correct answer.
geometry,"Write a multiple-choice question with four options about symmetry, position, or spatial relationships using toy cars. Ask for a written answer, not a drawing."
geometry,"Write a multiple-choice question with four options that asks about sides, vertices, or angles of a basic shape. Connect it to toy cars. Use simple vocabulary suitable for elementary students."
geometry,Create a fill-in-the-blank question about identifying or comparing basic geometric shapes in notebooks. Make it very easy. Add one short hint.
geometry,"Write a two-step problem that asks about sides, vertices, or angles of a basic shape. Connect it to recycling bins. Use simple vocabulary suitable for elementary students."
geometry,"Write a short word problem about symmetry, position, or spatial relationships using water bottles. Make the numbers easy to calculate mentally."
geometry,"Write a question that asks students to explain their reasoning that asks about sides, vertices, or angles of a basic shape. Connect it to marbles. Add one short hint."
geometry,Generate a two-step problem about classifying a 2D or 3D shape using simple properties. Use notebooks. Use simple vocabulary suitable for elementary students.
geometry,Create a simple challenge question about identifying or comparing basic geometric shapes in school supplies. Make it very easy. Use whole numbers only.
geometry,Generate a real-life classroom problem about classifying a 2D or 3D shape using simple properties. Use bus passengers. Include the correct answer.
geometry,"Write a short word problem that asks about sides, vertices, or angles of a basic shape. Connect it to marbles. Use whole numbers only."
geometry,Create a real-life classroom problem about identifying or comparing basic geometric shapes in colored blocks. Make it slightly challenging. Use whole numbers only.
geometry,Create a true-or-false question with a brief explanation where students calculate a simple perimeter using whole-number side lengths. Use garden plants. Use whole numbers only.
geometry,Create a question that asks students to explain their reasoning about identifying or comparing basic geometric shapes in books. Make it easy. Include the correct answer.
geometry,Create a true-or-false question with a brief explanation about identifying or comparing basic geometric shapes in notebooks. Make it easy. Include the correct answer.
geometry,Create a question that asks students to explain their reasoning about identifying or comparing basic geometric shapes in marbles. Make it very easy. Add one short hint.
