subject,skill,prompt
science,cause and effect,Create a true-or-false question with a brief explanation for beginner elementary students to develop cause and effect through the solar system. Use a familiar real-life context and add a short hint.
science,observation,Create a true-or-false question with a brief explanation for moderate elementary students to develop observation through recycling. Avoid technical vocabulary and include a brief answer key.
science,prediction,Create a fill-in-the-blank question for moderate elementary students to develop prediction through the solar system. Use age-appropriate language and explain the answer briefly.
science,classification,Create a true-or-false question with a brief explanation for beginner elementary students to develop classification through recycling. Use a familiar real-life context and add a short hint.
science,scientific explanation,Create a comparison question for slightly challenging elementary students to develop scientific explanation through materials. Make the instructions direct and easy for a teacher to use.
science,prediction,Create a comparison question for moderate elementary students to develop prediction through plants. Use clear vocabulary and include the correct answer.
science,cause and effect,Create a fill-in-the-blank question for beginner elementary students to develop cause and effect through weather. Use clear vocabulary and include the correct answer.
science,classification,Create a comparison question for easy elementary students to develop classification through materials. Make the expected response possible using text only.
science,observation,Create a comparison question for slightly challenging elementary students to develop observation through the solar system. Ask only one main idea and include the correct answer.
science,environmental awareness,Create a question that asks the student to explain their reasoning for beginner elementary students to develop environmental awareness through the human body. Keep the question under 50 words and provide the answer.
science,classification,Create a question that asks the student to explain their reasoning for easy elementary students to develop classification through recycling. Use a familiar real-life context and add a short hint.
science,scientific explanation,Create a short-answer question for moderate elementary students to develop scientific explanation through plants. Use clear vocabulary and include the correct answer.
science,prediction,Create a simple scenario-based question for moderate elementary students to develop prediction through plants. Avoid technical vocabulary and include a brief answer key.
science,classification,Create a fill-in-the-blank question for easy elementary students to develop classification through weather. Avoid technical vocabulary and include a brief answer key.
science,scientific explanation,Create a simple scenario-based question for moderate elementary students to develop scientific explanation through weather. Avoid technical vocabulary and include a brief answer key.
science,cause and effect,Create a question that asks the student to explain their reasoning for easy elementary students to develop cause and effect through recycling. Make the expected response possible using text only.
science,scientific explanation,Create a two-part question for slightly challenging elementary students to develop scientific explanation through materials. Make the instructions direct and easy for a teacher to use.
science,environmental awareness,Create a two-part question for easy elementary students to develop environmental awareness through recycling. Keep the question under 50 words and provide the answer.
science,observation,Create a simple scenario-based question for easy elementary students to develop observation through habitats. Use age-appropriate language and explain the answer briefly.
science,observation,Create a short-answer question for beginner elementary students to develop observation through light and shadows. Use a familiar real-life context and add a short hint.
science,prediction,Create a two-part question for slightly challenging elementary students to develop prediction through habitats. Use clear vocabulary and include the correct answer.
science,classification,Create a two-part question for slightly challenging elementary students to develop classification through habitats. Make the instructions direct and easy for a teacher to use.
science,scientific explanation,Create a simple scenario-based question for moderate elementary students to develop scientific explanation through light and shadows. Use clear vocabulary and include the correct answer.
science,scientific explanation,Create a true-or-false question with a brief explanation for moderate elementary students to develop scientific explanation through recycling. Make the instructions direct and easy for a teacher to use.
science,scientific explanation,Create a two-part question for easy elementary students to develop scientific explanation through the solar system. Use a familiar real-life context and add a short hint.
science,scientific explanation,Create a comparison question for easy elementary students to develop scientific explanation through materials. Use a familiar real-life context and add a short hint.
science,classification,Create a two-part question for moderate elementary students to develop classification through light and shadows. Use age-appropriate language and explain the answer briefly.
science,scientific explanation,Create a question that asks the student to explain their reasoning for easy elementary students to develop scientific explanation through animals. Make the instructions direct and easy for a teacher to use.
science,cause and effect,Create a multiple-choice question with four options for moderate elementary students to develop cause and effect through recycling. Make the instructions direct and easy for a teacher to use.
science,cause and effect,Create a multiple-choice question with four options for easy elementary students to develop cause and effect through water. Avoid technical vocabulary and include a brief answer key.
science,cause and effect,Create a simple scenario-based question for moderate elementary students to develop cause and effect through the solar system. Make the instructions direct and easy for a teacher to use.
science,classification,Create a question that asks the student to explain their reasoning for moderate elementary students to develop classification through materials. Use clear vocabulary and include the correct answer.
science,cause and effect,Create a multiple-choice question with four options for easy elementary students to develop cause and effect through animals. Avoid technical vocabulary and include a brief answer key.
science,observation,Create a question that asks the student to explain their reasoning for moderate elementary students to develop observation through habitats. Make the instructions direct and easy for a teacher to use.
science,prediction,Create a simple scenario-based question for easy elementary students to develop prediction through light and shadows. Make the expected response possible using text only.
science,observation,Create a two-part question for easy elementary students to develop observation through the human body. Ask only one main idea and include the correct answer.
science,scientific explanation,Create a short-answer question for moderate elementary students to develop scientific explanation through weather. Ask only one main idea and include the correct answer.
science,scientific explanation,Create a true-or-false question with a brief explanation for easy elementary students to develop scientific explanation through plants. Use age-appropriate language and explain the answer briefly.
science,prediction,Create a true-or-false question with a brief explanation for slightly challenging elementary students to develop prediction through the human body. Use a familiar real-life context and add a short hint.
science,prediction,Create a short-answer question for easy elementary students to develop prediction through plants. Ask only one main idea and include the correct answer.
science,prediction,Create a simple scenario-based question for slightly challenging elementary students to develop prediction through plants. Avoid technical vocabulary and include a brief answer key.
science,classification,Create a simple scenario-based question for slightly challenging elementary students to develop classification through habitats. Avoid technical vocabulary and include a brief answer key.
science,scientific explanation,Create a question that asks the student to explain their reasoning for slightly challenging elementary students to develop scientific explanation through materials. Avoid technical vocabulary and include a brief answer key.
science,observation,Create a fill-in-the-blank question for easy elementary students to develop observation through plants. Use age-appropriate language and explain the answer briefly.
science,cause and effect,Create a two-part question for moderate elementary students to develop cause and effect through recycling. Use clear vocabulary and include the correct answer.
science,environmental awareness,Create a comparison question for slightly challenging elementary students to develop environmental awareness through recycling. Use age-appropriate language and explain the answer briefly.
science,classification,Create a question that asks the student to explain their reasoning for slightly challenging elementary students to develop classification through light and shadows. Use a familiar real-life context and add a short hint.
science,classification,Create a short-answer question for easy elementary students to develop classification through water. Make the instructions direct and easy for a teacher to use.
science,observation,Create a comparison question for beginner elementary students to develop observation through plants. Make the instructions direct and easy for a teacher to use.
science,observation,Create a short-answer question for moderate elementary students to develop observation through water. Make the expected response possible using text only.
science,classification,Create a true-or-false question with a brief explanation for beginner elementary students to develop classification through weather. Make the instructions direct and easy for a teacher to use.
science,prediction,Create a short-answer question for beginner elementary students to develop prediction through the solar system. Avoid technical vocabulary and include a brief answer key.
science,observation,Create a short-answer question for easy elementary students to develop observation through habitats. Ask only one main idea and include the correct answer.
science,prediction,Create a question that asks the student to explain their reasoning for slightly challenging elementary students to develop prediction through water. Make the expected response possible using text only.
science,environmental awareness,Create a two-part question for moderate elementary students to develop environmental awareness through materials. Keep the question under 50 words and provide the answer.
science,environmental awareness,Create a question that asks the student to explain their reasoning for beginner elementary students to develop environmental awareness through light and shadows. Use age-appropriate language and explain the answer briefly.
science,prediction,Create a short-answer question for slightly challenging elementary students to develop prediction through animals. Make the expected response possible using text only.
science,observation,Create a fill-in-the-blank question for moderate elementary students to develop observation through habitats. Make the expected response possible using text only.
science,environmental awareness,Create a question that asks the student to explain their reasoning for easy elementary students to develop environmental awareness through plants. Use a familiar real-life context and add a short hint.
science,prediction,Create a multiple-choice question with four options for slightly challenging elementary students to develop prediction through water. Keep the question under 50 words and provide the answer.
science,cause and effect,Create a multiple-choice question with four options for moderate elementary students to develop cause and effect through habitats. Use age-appropriate language and explain the answer briefly.
science,prediction,Create a short-answer question for beginner elementary students to develop prediction through water. Make the instructions direct and easy for a teacher to use.
science,cause and effect,Create a question that asks the student to explain their reasoning for slightly challenging elementary students to develop cause and effect through the solar system. Make the expected response possible using text only.
science,prediction,Create a short-answer question for easy elementary students to develop prediction through the solar system. Make the instructions direct and easy for a teacher to use.
science,prediction,Create a comparison question for easy elementary students to develop prediction through habitats. Make the expected response possible using text only.
science,environmental awareness,Create a two-part question for moderate elementary students to develop environmental awareness through recycling. Use a familiar real-life context and add a short hint.
science,environmental awareness,Create a true-or-false question with a brief explanation for moderate elementary students to develop environmental awareness through plants. Use a familiar real-life context and add a short hint.
science,classification,Create a true-or-false question with a brief explanation for moderate elementary students to develop classification through the solar system. Use clear vocabulary and include the correct answer.
science,observation,Create a question that asks the student to explain their reasoning for moderate elementary students to develop observation through materials. Make the expected response possible using text only.
science,cause and effect,Create a question that asks the student to explain their reasoning for easy elementary students to develop cause and effect through the solar system. Make the expected response possible using text only.
science,prediction,Create a multiple-choice question with four options for moderate elementary students to develop prediction through recycling. Use a familiar real-life context and add a short hint.
science,classification,Create a two-part question for easy elementary students to develop classification through the solar system. Use a familiar real-life context and add a short hint.
science,environmental awareness,Create a true-or-false question with a brief explanation for moderate elementary students to develop environmental awareness through light and shadows. Use a familiar real-life context and add a short hint.
science,prediction,Create a comparison question for easy elementary students to develop prediction through animals. Avoid technical vocabulary and include a brief answer key.
science,observation,Create a short-answer question for easy elementary students to develop observation through the solar system. Ask only one main idea and include the correct answer.
science,observation,Create a true-or-false question with a brief explanation for moderate elementary students to develop observation through the human body. Keep the question under 50 words and provide the answer.
science,observation,Create a multiple-choice question with four options for slightly challenging elementary students to develop observation through plants. Use a familiar real-life context and add a short hint.
science,observation,Create a true-or-false question with a brief explanation for beginner elementary students to develop observation through the human body. Use age-appropriate language and explain the answer briefly.
science,observation,Create a fill-in-the-blank question for beginner elementary students to develop observation through materials. Keep the question under 50 words and provide the answer.
science,environmental awareness,Create a multiple-choice question with four options for easy elementary students to develop environmental awareness through the solar system. Use a familiar real-life context and add a short hint.
language-arts,sequence of events,Create a short-answer question for beginner elementary students to develop sequence of events through a classroom dialogue. Make the expected response possible using text only.
language-arts,sequence of events,Create a question that asks the student to explain their reasoning for easy elementary students to develop sequence of events through a description of a place. Ask only one main idea and include the correct answer.
language-arts,vocabulary in context,Create a two-part question for moderate elementary students to develop vocabulary in context through a description of a place. Make the instructions direct and easy for a teacher to use.
language-arts,written expression,Create a multiple-choice question with four options for slightly challenging elementary students to develop written expression through a school event. Make the expected response possible using text only.
language-arts,sequence of events,Create a short-answer question for easy elementary students to develop sequence of events through a school event. Use clear vocabulary and include the correct answer.
language-arts,sequence of events,Create a comparison question for slightly challenging elementary students to develop sequence of events through a classroom dialogue. Avoid technical vocabulary and include a brief answer key.
language-arts,main idea,Create a fill-in-the-blank question for easy elementary students to develop main idea through a fable. Avoid technical vocabulary and include a brief answer key.
language-arts,main idea,Create a question that asks the student to explain their reasoning for easy elementary students to develop main idea through a short informational text. Make the expected response possible using text only.
language-arts,reading comprehension,Create a true-or-false question with a brief explanation for slightly challenging elementary students to develop reading comprehension through a school event. Keep the question under 50 words and provide the answer.
language-arts,vocabulary in context,Create a comparison question for moderate elementary students to develop vocabulary in context through a poem. Use clear vocabulary and include the correct answer.
language-arts,character analysis,Create a fill-in-the-blank question for easy elementary students to develop character analysis through a short informational text. Use clear vocabulary and include the correct answer.
language-arts,reading comprehension,Create a short-answer question for easy elementary students to develop reading comprehension through a fable. Keep the question under 50 words and provide the answer.
language-arts,vocabulary in context,Create a true-or-false question with a brief explanation for slightly challenging elementary students to develop vocabulary in context through a character's actions. Keep the question under 50 words and provide the answer.
language-arts,sequence of events,Create a multiple-choice question with four options for moderate elementary students to develop sequence of events through a description of a place. Avoid technical vocabulary and include a brief answer key.
language-arts,character analysis,Create a short-answer question for beginner elementary students to develop character analysis through a family story. Avoid technical vocabulary and include a brief answer key.
language-arts,written expression,Create a simple scenario-based question for moderate elementary students to develop written expression through a poem. Make the instructions direct and easy for a teacher to use.
language-arts,character analysis,Create a comparison question for moderate elementary students to develop character analysis through a short story. Make the expected response possible using text only.
language-arts,written expression,Create a true-or-false question with a brief explanation for slightly challenging elementary students to develop written expression through a fable. Use a familiar real-life context and add a short hint.
language-arts,reading comprehension,Create a fill-in-the-blank question for beginner elementary students to develop reading comprehension through a sequence of pictures. Keep the question under 50 words and provide the answer.
language-arts,reading comprehension,Create a two-part question for easy elementary students to develop reading comprehension through a short story. Use a familiar real-life context and add a short hint.
language-arts,reading comprehension,Create a short-answer question for moderate elementary students to develop reading comprehension through a school event. Use age-appropriate language and explain the answer briefly.
language-arts,vocabulary in context,Create a fill-in-the-blank question for easy elementary students to develop vocabulary in context through a classroom dialogue. Make the expected response possible using text only.
language-arts,reading comprehension,Create a two-part question for easy elementary students to develop reading comprehension through a character's actions. Avoid technical vocabulary and include a brief answer key.
language-arts,written expression,Create a short-answer question for slightly challenging elementary students to develop written expression through a character's actions. Make the expected response possible using text only.
language-arts,written expression,Create a two-part question for slightly challenging elementary students to develop written expression through a character's actions. Ask only one main idea and include the correct answer.
language-arts,vocabulary in context,Create a fill-in-the-blank question for slightly challenging elementary students to develop vocabulary in context through a school event. Make the instructions direct and easy for a teacher to use.
language-arts,main idea,Create a short-answer question for beginner elementary students to develop main idea through a fable. Use clear vocabulary and include the correct answer.
language-arts,reading comprehension,Create a comparison question for slightly challenging elementary students to develop reading comprehension through a school event. Use a familiar real-life context and add a short hint.
language-arts,sequence of events,Create a question that asks the student to explain their reasoning for easy elementary students to develop sequence of events through a poem. Ask only one main idea and include the correct answer.
language-arts,sequence of events,Create a simple scenario-based question for easy elementary students to develop sequence of events through a poem. Make the expected response possible using text only.
language-arts,character analysis,Create a comparison question for beginner elementary students to develop character analysis through a sequence of pictures. Make the expected response possible using text only.
language-arts,written expression,Create a two-part question for moderate elementary students to develop written expression through a school event. Make the instructions direct and easy for a teacher to use.
language-arts,written expression,Create a fill-in-the-blank question for beginner elementary students to develop written expression through a fable. Make the instructions direct and easy for a teacher to use.
language-arts,reading comprehension,Create a question that asks the student to explain their reasoning for moderate elementary students to develop reading comprehension through a fable. Use clear vocabulary and include the correct answer.
language-arts,sequence of events,Create a short-answer question for slightly challenging elementary students to develop sequence of events through a sequence of pictures. Keep the question under 50 words and provide the answer.
language-arts,written expression,Create a true-or-false question with a brief explanation for beginner elementary students to develop written expression through a short informational text. Ask only one main idea and include the correct answer.
language-arts,reading comprehension,Create a multiple-choice question with four options for moderate elementary students to develop reading comprehension through a character's actions. Make the instructions direct and easy for a teacher to use.
language-arts,sequence of events,Create a true-or-false question with a brief explanation for moderate elementary students to develop sequence of events through a classroom dialogue. Keep the question under 50 words and provide the answer.
language-arts,sequence of events,Create a true-or-false question with a brief explanation for moderate elementary students to develop sequence of events through a sequence of pictures. Make the instructions direct and easy for a teacher to use.
language-arts,character analysis,Create a short-answer question for beginner elementary students to develop character analysis through a fable. Use age-appropriate language and explain the answer briefly.
language-arts,reading comprehension,Create a true-or-false question with a brief explanation for slightly challenging elementary students to develop reading comprehension through a character's actions. Use age-appropriate language and explain the answer briefly.
language-arts,vocabulary in context,Create a simple scenario-based question for slightly challenging elementary students to develop vocabulary in context through a short informational text. Ask only one main idea and include the correct answer.
language-arts,sequence of events,Create a short-answer question for beginner elementary students to develop sequence of events through a sequence of pictures. Make the expected response possible using text only.
language-arts,main idea,Create a multiple-choice question with four options for beginner elementary students to develop main idea through a poem. Ask only one main idea and include the correct answer.
language-arts,vocabulary in context,Create a comparison question for easy elementary students to develop vocabulary in context through a family story. Make the instructions direct and easy for a teacher to use.
language-arts,reading comprehension,Create a true-or-false question with a brief explanation for moderate elementary students to develop reading comprehension through a school event. Make the expected response possible using text only.
language-arts,character analysis,Create a simple scenario-based question for moderate elementary students to develop character analysis through a poem. Ask only one main idea and include the correct answer.
language-arts,written expression,Create a comparison question for moderate elementary students to develop written expression through a poem. Avoid technical vocabulary and include a brief answer key.
language-arts,sequence of events,Create a multiple-choice question with four options for moderate elementary students to develop sequence of events through a character's actions. Use clear vocabulary and include the correct answer.
language-arts,sequence of events,Create a question that asks the student to explain their reasoning for slightly challenging elementary students to develop sequence of events through a classroom dialogue. Make the expected response possible using text only.
language-arts,character analysis,Create a simple scenario-based question for slightly challenging elementary students to develop character analysis through a sequence of pictures. Make the instructions direct and easy for a teacher to use.
language-arts,main idea,Create a fill-in-the-blank question for slightly challenging elementary students to develop main idea through a family story. Ask only one main idea and include the correct answer.
language-arts,character analysis,Create a short-answer question for moderate elementary students to develop character analysis through a sequence of pictures. Use age-appropriate language and explain the answer briefly.
language-arts,reading comprehension,Create a comparison question for easy elementary students to develop reading comprehension through a short informational text. Avoid technical vocabulary and include a brief answer key.
language-arts,character analysis,Create a fill-in-the-blank question for beginner elementary students to develop character analysis through a poem. Make the instructions direct and easy for a teacher to use.
language-arts,sequence of events,Create a comparison question for beginner elementary students to develop sequence of events through a short story. Keep the question under 50 words and provide the answer.
language-arts,reading comprehension,Create a simple scenario-based question for easy elementary students to develop reading comprehension through a classroom dialogue. Make the instructions direct and easy for a teacher to use.
language-arts,reading comprehension,Create a short-answer question for easy elementary students to develop reading comprehension through a description of a place. Use a familiar real-life context and add a short hint.
language-arts,reading comprehension,Create a question that asks the student to explain their reasoning for beginner elementary students to develop reading comprehension through a fable. Ask only one main idea and include the correct answer.
language-arts,sequence of events,Create a comparison question for easy elementary students to develop sequence of events through a short story. Make the instructions direct and easy for a teacher to use.
language-arts,main idea,Create a two-part question for easy elementary students to develop main idea through a sequence of pictures. Avoid technical vocabulary and include a brief answer key.
language-arts,main idea,Create a multiple-choice question with four options for beginner elementary students to develop main idea through a fable. Use a familiar real-life context and add a short hint.
language-arts,character analysis,Create a fill-in-the-blank question for moderate elementary students to develop character analysis through a family story. Use a familiar real-life context and add a short hint.
language-arts,character analysis,Create a simple scenario-based question for easy elementary students to develop character analysis through a family story. Make the expected response possible using text only.
language-arts,reading comprehension,Create a short-answer question for easy elementary students to develop reading comprehension through a school event. Make the instructions direct and easy for a teacher to use.
language-arts,main idea,Create a two-part question for moderate elementary students to develop main idea through a short informational text. Ask only one main idea and include the correct answer.
language-arts,character analysis,Create a question that asks the student to explain their reasoning for easy elementary students to develop character analysis through a classroom dialogue. Avoid technical vocabulary and include a brief answer key.
language-arts,vocabulary in context,Create a short-answer question for beginner elementary students to develop vocabulary in context through a school event. Make the instructions direct and easy for a teacher to use.
language-arts,vocabulary in context,Create a true-or-false question with a brief explanation for beginner elementary students to develop vocabulary in context through a sequence of pictures. Keep the question under 50 words and provide the answer.
language-arts,sequence of events,Create a fill-in-the-blank question for slightly challenging elementary students to develop sequence of events through a short story. Make the expected response possible using text only.
language-arts,character analysis,Create a true-or-false question with a brief explanation for slightly challenging elementary students to develop character analysis through a fable. Make the expected response possible using text only.
language-arts,sequence of events,Create a simple scenario-based question for beginner elementary students to develop sequence of events through a fable. Use a familiar real-life context and add a short hint.
language-arts,sequence of events,Create a true-or-false question with a brief explanation for slightly challenging elementary students to develop sequence of events through a school event. Use age-appropriate language and explain the answer briefly.
language-arts,main idea,Create a short-answer question for moderate elementary students to develop main idea through a classroom dialogue. Use age-appropriate language and explain the answer briefly.
language-arts,written expression,Create a two-part question for slightly challenging elementary students to develop written expression through a school event. Use clear vocabulary and include the correct answer.
language-arts,vocabulary in context,Create a comparison question for slightly challenging elementary students to develop vocabulary in context through a family story. Ask only one main idea and include the correct answer.
language-arts,main idea,Create a comparison question for beginner elementary students to develop main idea through a family story. Make the expected response possible using text only.
language-arts,sequence of events,Create a fill-in-the-blank question for beginner elementary students to develop sequence of events through a family story. Avoid technical vocabulary and include a brief answer key.
language-arts,written expression,Create a fill-in-the-blank question for slightly challenging elementary students to develop written expression through a classroom dialogue. Avoid technical vocabulary and include a brief answer key.
language-arts,reading comprehension,Create a two-part question for beginner elementary students to develop reading comprehension through a family story. Use age-appropriate language and explain the answer briefly.
social-studies,maps and location,Create a fill-in-the-blank question for slightly challenging elementary students to develop maps and location through transportation. Keep the question under 50 words and provide the answer.
social-studies,historical sequence,Create a question that asks the student to explain their reasoning for beginner elementary students to develop historical sequence through natural and human-made landmarks. Use age-appropriate language and explain the answer briefly.
social-studies,comparison of societies,Create a question that asks the student to explain their reasoning for slightly challenging elementary students to develop comparison of societies through rules and responsibilities. Use age-appropriate language and explain the answer briefly.
social-studies,maps and location,Create a two-part question for easy elementary students to develop maps and location through family traditions. Avoid technical vocabulary and include a brief answer key.
social-studies,citizenship,Create a short-answer question for easy elementary students to develop citizenship through transportation. Use a familiar real-life context and add a short hint.
social-studies,comparison of societies,Create a true-or-false question with a brief explanation for easy elementary students to develop comparison of societies through important historical events. Use age-appropriate language and explain the answer briefly.
social-studies,citizenship,Create a fill-in-the-blank question for moderate elementary students to develop citizenship through the local community. Keep the question under 50 words and provide the answer.
social-studies,community roles,Create a comparison question for beginner elementary students to develop community roles through a neighborhood map. Use age-appropriate language and explain the answer briefly.
social-studies,community roles,Create a two-part question for beginner elementary students to develop community roles through natural and human-made landmarks. Use clear vocabulary and include the correct answer.
social-studies,community roles,Create a multiple-choice question with four options for beginner elementary students to develop community roles through rules and responsibilities. Avoid technical vocabulary and include a brief answer key.
social-studies,maps and location,Create a simple scenario-based question for beginner elementary students to develop maps and location through the local community. Use a familiar real-life context and add a short hint.
social-studies,citizenship,Create a multiple-choice question with four options for easy elementary students to develop citizenship through transportation. Make the expected response possible using text only.
social-studies,maps and location,Create a fill-in-the-blank question for moderate elementary students to develop maps and location through community helpers. Use clear vocabulary and include the correct answer.
social-studies,comparison of societies,Create a comparison question for easy elementary students to develop comparison of societies through rural and urban areas. Use clear vocabulary and include the correct answer.
social-studies,community roles,Create a comparison question for easy elementary students to develop community roles through important historical events. Use a familiar real-life context and add a short hint.
social-studies,citizenship,Create a two-part question for beginner elementary students to develop citizenship through local celebrations. Use age-appropriate language and explain the answer briefly.
social-studies,comparison of societies,Create a comparison question for slightly challenging elementary students to develop comparison of societies through local celebrations. Keep the question under 50 words and provide the answer.
social-studies,comparison of societies,Create a fill-in-the-blank question for easy elementary students to develop comparison of societies through rural and urban areas. Use age-appropriate language and explain the answer briefly.
social-studies,citizenship,Create a true-or-false question with a brief explanation for moderate elementary students to develop citizenship through local celebrations. Use age-appropriate language and explain the answer briefly.
social-studies,citizenship,Create a true-or-false question with a brief explanation for slightly challenging elementary students to develop citizenship through family traditions. Use clear vocabulary and include the correct answer.
social-studies,maps and location,Create a comparison question for moderate elementary students to develop maps and location through the local community. Make the expected response possible using text only.
social-studies,comparison of societies,Create a two-part question for slightly challenging elementary students to develop comparison of societies through family traditions. Keep the question under 50 words and provide the answer.
social-studies,comparison of societies,Create a true-or-false question with a brief explanation for slightly challenging elementary students to develop comparison of societies through community helpers. Make the instructions direct and easy for a teacher to use.
social-studies,community roles,Create a two-part question for beginner elementary students to develop community roles through rural and urban areas. Ask only one main idea and include the correct answer.
social-studies,community roles,Create a multiple-choice question with four options for easy elementary students to develop community roles through important historical events. Use a familiar real-life context and add a short hint.
social-studies,citizenship,Create a true-or-false question with a brief explanation for moderate elementary students to develop citizenship through natural and human-made landmarks. Use clear vocabulary and include the correct answer.
social-studies,citizenship,Create a two-part question for slightly challenging elementary students to develop citizenship through rural and urban areas. Avoid technical vocabulary and include a brief answer key.
social-studies,maps and location,Create a multiple-choice question with four options for beginner elementary students to develop maps and location through transportation. Use clear vocabulary and include the correct answer.
social-studies,maps and location,Create a multiple-choice question with four options for easy elementary students to develop maps and location through rules and responsibilities. Avoid technical vocabulary and include a brief answer key.
social-studies,maps and location,Create a short-answer question for easy elementary students to develop maps and location through natural and human-made landmarks. Use clear vocabulary and include the correct answer.
social-studies,citizenship,Create a comparison question for slightly challenging elementary students to develop citizenship through rural and urban areas. Make the expected response possible using text only.
social-studies,community roles,Create a comparison question for beginner elementary students to develop community roles through important historical events. Make the expected response possible using text only.
social-studies,historical sequence,Create a fill-in-the-blank question for slightly challenging elementary students to develop historical sequence through family traditions. Ask only one main idea and include the correct answer.
social-studies,historical sequence,Create a simple scenario-based question for beginner elementary students to develop historical sequence through local celebrations. Use age-appropriate language and explain the answer briefly.
social-studies,maps and location,Create a multiple-choice question with four options for beginner elementary students to develop maps and location through important historical events. Use age-appropriate language and explain the answer briefly.
social-studies,cultural diversity,Create a multiple-choice question with four options for easy elementary students to develop cultural diversity through rules and responsibilities. Use clear vocabulary and include the correct answer.
social-studies,maps and location,Create a simple scenario-based question for easy elementary students to develop maps and location through a neighborhood map. Make the expected response possible using text only.
social-studies,historical sequence,Create a fill-in-the-blank question for slightly challenging elementary students to develop historical sequence through transportation. Use clear vocabulary and include the correct answer.
social-studies,citizenship,Create a two-part question for easy elementary students to develop citizenship through the local community. Make the instructions direct and easy for a teacher to use.
social-studies,comparison of societies,Create a true-or-false question with a brief explanation for moderate elementary students to develop comparison of societies through rural and urban areas. Ask only one main idea and include the correct answer.
social-studies,maps and location,Create a multiple-choice question with four options for easy elementary students to develop maps and location through rural and urban areas. Keep the question under 50 words and provide the answer.
social-studies,comparison of societies,Create a true-or-false question with a brief explanation for easy elementary students to develop comparison of societies through community helpers. Make the instructions direct and easy for a teacher to use.
social-studies,community roles,Create a question that asks the student to explain their reasoning for moderate elementary students to develop community roles through rural and urban areas. Use a familiar real-life context and add a short hint.
social-studies,cultural diversity,Create a true-or-false question with a brief explanation for easy elementary students to develop cultural diversity through rules and responsibilities. Make the expected response possible using text only.
social-studies,historical sequence,Create a simple scenario-based question for moderate elementary students to develop historical sequence through important historical events. Use a familiar real-life context and add a short hint.
social-studies,historical sequence,Create a comparison question for moderate elementary students to develop historical sequence through rural and urban areas. Ask only one main idea and include the correct answer.
social-studies,maps and location,Create a multiple-choice question with four options for moderate elementary students to develop maps and location through transportation. Make the expected response possible using text only.
social-studies,historical sequence,Create a true-or-false question with a brief explanation for slightly challenging elementary students to develop historical sequence through a neighborhood map. Make the expected response possible using text only.
social-studies,maps and location,Create a true-or-false question with a brief explanation for beginner elementary students to develop maps and location through important historical events. Use a familiar real-life context and add a short hint.
social-studies,comparison of societies,Create a simple scenario-based question for slightly challenging elementary students to develop comparison of societies through community helpers. Use age-appropriate language and explain the answer briefly.
social-studies,citizenship,Create a two-part question for easy elementary students to develop citizenship through rules and responsibilities. Avoid technical vocabulary and include a brief answer key.
social-studies,cultural diversity,Create a simple scenario-based question for moderate elementary students to develop cultural diversity through community helpers. Ask only one main idea and include the correct answer.
social-studies,comparison of societies,Create a two-part question for beginner elementary students to develop comparison of societies through natural and human-made landmarks. Avoid technical vocabulary and include a brief answer key.
social-studies,maps and location,Create a fill-in-the-blank question for slightly challenging elementary students to develop maps and location through rural and urban areas. Use clear vocabulary and include the correct answer.
social-studies,maps and location,Create a true-or-false question with a brief explanation for beginner elementary students to develop maps and location through natural and human-made landmarks. Keep the question under 50 words and provide the answer.
social-studies,community roles,Create a fill-in-the-blank question for easy elementary students to develop community roles through important historical events. Use age-appropriate language and explain the answer briefly.
social-studies,comparison of societies,Create a simple scenario-based question for moderate elementary students to develop comparison of societies through important historical events. Avoid technical vocabulary and include a brief answer key.
social-studies,historical sequence,Create a question that asks the student to explain their reasoning for beginner elementary students to develop historical sequence through rural and urban areas. Use clear vocabulary and include the correct answer.
social-studies,historical sequence,Create a fill-in-the-blank question for easy elementary students to develop historical sequence through transportation. Make the instructions direct and easy for a teacher to use.
social-studies,maps and location,Create a simple scenario-based question for moderate elementary students to develop maps and location through transportation. Make the expected response possible using text only.
social-studies,comparison of societies,Create a short-answer question for slightly challenging elementary students to develop comparison of societies through rules and responsibilities. Keep the question under 50 words and provide the answer.
social-studies,cultural diversity,Create a question that asks the student to explain their reasoning for slightly challenging elementary students to develop cultural diversity through community helpers. Make the instructions direct and easy for a teacher to use.
social-studies,citizenship,Create a fill-in-the-blank question for slightly challenging elementary students to develop citizenship through transportation. Use a familiar real-life context and add a short hint.
social-studies,maps and location,Create a fill-in-the-blank question for slightly challenging elementary students to develop maps and location through natural and human-made landmarks. Ask only one main idea and include the correct answer.
social-studies,historical sequence,Create a question that asks the student to explain their reasoning for beginner elementary students to develop historical sequence through rules and responsibilities. Ask only one main idea and include the correct answer.
social-studies,historical sequence,Create a question that asks the student to explain their reasoning for easy elementary students to develop historical sequence through rural and urban areas. Make the instructions direct and easy for a teacher to use.
social-studies,community roles,Create a fill-in-the-blank question for easy elementary students to develop community roles through rules and responsibilities. Use clear vocabulary and include the correct answer.
social-studies,historical sequence,Create a true-or-false question with a brief explanation for moderate elementary students to develop historical sequence through a neighborhood map. Make the expected response possible using text only.
social-studies,maps and location,Create a comparison question for easy elementary students to develop maps and location through rules and responsibilities. Make the instructions direct and easy for a teacher to use.
social-studies,community roles,Create a fill-in-the-blank question for slightly challenging elementary students to develop community roles through a neighborhood map. Keep the question under 50 words and provide the answer.
social-studies,community roles,Create a true-or-false question with a brief explanation for easy elementary students to develop community roles through important historical events. Use age-appropriate language and explain the answer briefly.
social-studies,comparison of societies,Create a multiple-choice question with four options for beginner elementary students to develop comparison of societies through natural and human-made landmarks. Use age-appropriate language and explain the answer briefly.
social-studies,comparison of societies,Create a multiple-choice question with four options for easy elementary students to develop comparison of societies through transportation. Use a familiar real-life context and add a short hint.
social-studies,citizenship,Create a two-part question for moderate elementary students to develop citizenship through important historical events. Use age-appropriate language and explain the answer briefly.
social-studies,maps and location,Create a multiple-choice question with four options for moderate elementary students to develop maps and location through family traditions. Use a familiar real-life context and add a short hint.
social-studies,maps and location,Create a short-answer question for moderate elementary students to develop maps and location through important historical events. Ask only one main idea and include the correct answer.
social-studies,maps and location,Create a multiple-choice question with four options for beginner elementary students to develop maps and location through a neighborhood map. Use age-appropriate language and explain the answer briefly.
social-studies,community roles,Create a comparison question for slightly challenging elementary students to develop community roles through the local community. Use a familiar real-life context and add a short hint.
social-studies,community roles,Create a true-or-false question with a brief explanation for slightly challenging elementary students to develop community roles through community helpers. Use age-appropriate language and explain the answer briefly.
social-studies,citizenship,Create a short-answer question for slightly challenging elementary students to develop citizenship through a neighborhood map. Use clear vocabulary and include the correct answer.
english-language-learning,sentence formation,Create a two-part question for slightly challenging elementary students to develop sentence formation through animals. Make the expected response possible using text only.
english-language-learning,everyday communication,Create a short-answer question for moderate elementary students to develop everyday communication through food. Keep the question under 50 words and provide the answer.
english-language-learning,everyday communication,Create a comparison question for beginner elementary students to develop everyday communication through weather. Use age-appropriate language and explain the answer briefly.
english-language-learning,describing people and places,Create a multiple-choice question with four options for easy elementary students to develop describing people and places through clothing. Ask only one main idea and include the correct answer.
english-language-learning,everyday communication,Create a question that asks the student to explain their reasoning for easy elementary students to develop everyday communication through food. Avoid technical vocabulary and include a brief answer key.
english-language-learning,sentence formation,Create a fill-in-the-blank question for easy elementary students to develop sentence formation through classroom objects. Avoid technical vocabulary and include a brief answer key.
english-language-learning,sentence formation,Create a simple scenario-based question for slightly challenging elementary students to develop sentence formation through animals. Use clear vocabulary and include the correct answer.
english-language-learning,basic vocabulary,Create a fill-in-the-blank question for beginner elementary students to develop basic vocabulary through food. Ask only one main idea and include the correct answer.
english-language-learning,sentence formation,Create a fill-in-the-blank question for moderate elementary students to develop sentence formation through school activities. Make the expected response possible using text only.
english-language-learning,question words,Create a question that asks the student to explain their reasoning for slightly challenging elementary students to develop question words through classroom objects. Keep the question under 50 words and provide the answer.
english-language-learning,reading comprehension,Create a question that asks the student to explain their reasoning for beginner elementary students to develop reading comprehension through classroom objects. Use clear vocabulary and include the correct answer.
english-language-learning,describing people and places,Create a true-or-false question with a brief explanation for easy elementary students to develop describing people and places through weather. Use age-appropriate language and explain the answer briefly.
english-language-learning,basic vocabulary,Create a short-answer question for beginner elementary students to develop basic vocabulary through school activities. Use clear vocabulary and include the correct answer.
english-language-learning,sentence formation,Create a short-answer question for easy elementary students to develop sentence formation through animals. Keep the question under 50 words and provide the answer.
english-language-learning,question words,Create a question that asks the student to explain their reasoning for moderate elementary students to develop question words through places in town. Use a familiar real-life context and add a short hint.
english-language-learning,sentence formation,Create a short-answer question for easy elementary students to develop sentence formation through classroom objects. Keep the question under 50 words and provide the answer.
english-language-learning,reading comprehension,Create a comparison question for beginner elementary students to develop reading comprehension through daily routines. Use a familiar real-life context and add a short hint.
english-language-learning,reading comprehension,Create a comparison question for moderate elementary students to develop reading comprehension through places in town. Avoid technical vocabulary and include a brief answer key.
english-language-learning,sentence formation,Create a true-or-false question with a brief explanation for beginner elementary students to develop sentence formation through animals. Use a familiar real-life context and add a short hint.
english-language-learning,describing people and places,Create a multiple-choice question with four options for slightly challenging elementary students to develop describing people and places through clothing. Make the expected response possible using text only.
english-language-learning,everyday communication,Create a multiple-choice question with four options for moderate elementary students to develop everyday communication through places in town. Use a familiar real-life context and add a short hint.
english-language-learning,everyday communication,Create a question that asks the student to explain their reasoning for beginner elementary students to develop everyday communication through animals. Use age-appropriate language and explain the answer briefly.
english-language-learning,reading comprehension,Create a simple scenario-based question for easy elementary students to develop reading comprehension through classroom objects. Make the instructions direct and easy for a teacher to use.
english-language-learning,everyday communication,Create a true-or-false question with a brief explanation for slightly challenging elementary students to develop everyday communication through daily routines. Avoid technical vocabulary and include a brief answer key.
english-language-learning,describing people and places,Create a two-part question for easy elementary students to develop describing people and places through daily routines. Avoid technical vocabulary and include a brief answer key.
english-language-learning,sentence formation,Create a question that asks the student to explain their reasoning for beginner elementary students to develop sentence formation through weather. Use age-appropriate language and explain the answer briefly.
english-language-learning,everyday communication,Create a question that asks the student to explain their reasoning for slightly challenging elementary students to develop everyday communication through daily routines. Use clear vocabulary and include the correct answer.
english-language-learning,sentence formation,Create a fill-in-the-blank question for slightly challenging elementary students to develop sentence formation through food. Use clear vocabulary and include the correct answer.
english-language-learning,question words,Create a comparison question for easy elementary students to develop question words through food. Make the instructions direct and easy for a teacher to use.
english-language-learning,sentence formation,Create a question that asks the student to explain their reasoning for moderate elementary students to develop sentence formation through weather. Make the instructions direct and easy for a teacher to use.
english-language-learning,reading comprehension,Create a two-part question for moderate elementary students to develop reading comprehension through classroom objects. Use age-appropriate language and explain the answer briefly.
english-language-learning,basic vocabulary,Create a two-part question for beginner elementary students to develop basic vocabulary through family members. Avoid technical vocabulary and include a brief answer key.
english-language-learning,reading comprehension,Create a short-answer question for slightly challenging elementary students to develop reading comprehension through daily routines. Use clear vocabulary and include the correct answer.
english-language-learning,everyday communication,Create a two-part question for easy elementary students to develop everyday communication through classroom objects. Make the expected response possible using text only.
english-language-learning,sentence formation,Create a question that asks the student to explain their reasoning for moderate elementary students to develop sentence formation through family members. Keep the question under 50 words and provide the answer.
english-language-learning,reading comprehension,Create a true-or-false question with a brief explanation for moderate elementary students to develop reading comprehension through daily routines. Make the instructions direct and easy for a teacher to use.
english-language-learning,sentence formation,Create a two-part question for slightly challenging elementary students to develop sentence formation through clothing. Make the expected response possible using text only.
english-language-learning,reading comprehension,Create a simple scenario-based question for moderate elementary students to develop reading comprehension through food. Keep the question under 50 words and provide the answer.
english-language-learning,question words,Create a short-answer question for moderate elementary students to develop question words through school activities. Use clear vocabulary and include the correct answer.
english-language-learning,basic vocabulary,Create a simple scenario-based question for beginner elementary students to develop basic vocabulary through animals. Avoid technical vocabulary and include a brief answer key.
english-language-learning,question words,Create a short-answer question for easy elementary students to develop question words through food. Avoid technical vocabulary and include a brief answer key.
english-language-learning,reading comprehension,Create a fill-in-the-blank question for moderate elementary students to develop reading comprehension through clothing. Use age-appropriate language and explain the answer briefly.
english-language-learning,question words,Create a question that asks the student to explain their reasoning for moderate elementary students to develop question words through clothing. Make the expected response possible using text only.
english-language-learning,sentence formation,Create a comparison question for easy elementary students to develop sentence formation through daily routines. Ask only one main idea and include the correct answer.
english-language-learning,everyday communication,Create a true-or-false question with a brief explanation for easy elementary students to develop everyday communication through food. Ask only one main idea and include the correct answer.
english-language-learning,describing people and places,Create a multiple-choice question with four options for easy elementary students to develop describing people and places through animals. Ask only one main idea and include the correct answer.
english-language-learning,describing people and places,Create a fill-in-the-blank question for beginner elementary students to develop describing people and places through family members. Make the expected response possible using text only.
english-language-learning,basic vocabulary,Create a fill-in-the-blank question for beginner elementary students to develop basic vocabulary through places in town. Use clear vocabulary and include the correct answer.
english-language-learning,basic vocabulary,Create a short-answer question for easy elementary students to develop basic vocabulary through places in town. Make the instructions direct and easy for a teacher to use.
english-language-learning,basic vocabulary,Create a short-answer question for moderate elementary students to develop basic vocabulary through clothing. Make the expected response possible using text only.
english-language-learning,sentence formation,Create a question that asks the student to explain their reasoning for easy elementary students to develop sentence formation through animals. Use a familiar real-life context and add a short hint.
english-language-learning,describing people and places,Create a true-or-false question with a brief explanation for easy elementary students to develop describing people and places through family members. Use age-appropriate language and explain the answer briefly.
english-language-learning,sentence formation,Create a question that asks the student to explain their reasoning for slightly challenging elementary students to develop sentence formation through weather. Make the instructions direct and easy for a teacher to use.
english-language-learning,sentence formation,Create a multiple-choice question with four options for slightly challenging elementary students to develop sentence formation through clothing. Keep the question under 50 words and provide the answer.
english-language-learning,reading comprehension,Create a multiple-choice question with four options for easy elementary students to develop reading comprehension through feelings. Make the expected response possible using text only.
english-language-learning,question words,Create a short-answer question for moderate elementary students to develop question words through places in town. Make the expected response possible using text only.
english-language-learning,describing people and places,Create a two-part question for slightly challenging elementary students to develop describing people and places through feelings. Use age-appropriate language and explain the answer briefly.
english-language-learning,sentence formation,Create a fill-in-the-blank question for slightly challenging elementary students to develop sentence formation through food. Use a familiar real-life context and add a short hint.
english-language-learning,reading comprehension,Create a comparison question for easy elementary students to develop reading comprehension through daily routines. Make the expected response possible using text only.
english-language-learning,basic vocabulary,Create a fill-in-the-blank question for easy elementary students to develop basic vocabulary through daily routines. Use clear vocabulary and include the correct answer.
english-language-learning,describing people and places,Create a two-part question for moderate elementary students to develop describing people and places through clothing. Use age-appropriate language and explain the answer briefly.
english-language-learning,everyday communication,Create a comparison question for slightly challenging elementary students to develop everyday communication through food. Use a familiar real-life context and add a short hint.
english-language-learning,basic vocabulary,Create a fill-in-the-blank question for moderate elementary students to develop basic vocabulary through clothing. Avoid technical vocabulary and include a brief answer key.
english-language-learning,describing people and places,Create a fill-in-the-blank question for easy elementary students to develop describing people and places through animals. Avoid technical vocabulary and include a brief answer key.
english-language-learning,everyday communication,Create a simple scenario-based question for moderate elementary students to develop everyday communication through animals. Make the expected response possible using text only.
english-language-learning,reading comprehension,Create a multiple-choice question with four options for moderate elementary students to develop reading comprehension through weather. Ask only one main idea and include the correct answer.
english-language-learning,question words,Create a multiple-choice question with four options for beginner elementary students to develop question words through clothing. Use clear vocabulary and include the correct answer.
english-language-learning,describing people and places,Create a comparison question for slightly challenging elementary students to develop describing people and places through clothing. Avoid technical vocabulary and include a brief answer key.
english-language-learning,sentence formation,Create a true-or-false question with a brief explanation for easy elementary students to develop sentence formation through school activities. Use age-appropriate language and explain the answer briefly.
english-language-learning,question words,Create a short-answer question for easy elementary students to develop question words through classroom objects. Make the expected response possible using text only.
english-language-learning,reading comprehension,Create a short-answer question for beginner elementary students to develop reading comprehension through family members. Make the instructions direct and easy for a teacher to use.
english-language-learning,question words,Create a short-answer question for slightly challenging elementary students to develop question words through places in town. Use clear vocabulary and include the correct answer.
english-language-learning,describing people and places,Create a question that asks the student to explain their reasoning for moderate elementary students to develop describing people and places through classroom objects. Use a familiar real-life context and add a short hint.
english-language-learning,question words,Create a short-answer question for slightly challenging elementary students to develop question words through clothing. Use clear vocabulary and include the correct answer.
english-language-learning,basic vocabulary,Create a question that asks the student to explain their reasoning for slightly challenging elementary students to develop basic vocabulary through school activities. Use a familiar real-life context and add a short hint.
english-language-learning,basic vocabulary,Create a two-part question for moderate elementary students to develop basic vocabulary through food. Avoid technical vocabulary and include a brief answer key.
english-language-learning,describing people and places,Create a comparison question for beginner elementary students to develop describing people and places through school activities. Make the instructions direct and easy for a teacher to use.
english-language-learning,basic vocabulary,Create a true-or-false question with a brief explanation for slightly challenging elementary students to develop basic vocabulary through food. Make the instructions direct and easy for a teacher to use.
english-language-learning,describing people and places,Create a short-answer question for slightly challenging elementary students to develop describing people and places through animals. Avoid technical vocabulary and include a brief answer key.
english-language-learning,basic vocabulary,Create a comparison question for slightly challenging elementary students to develop basic vocabulary through classroom objects. Use a familiar real-life context and add a short hint.
health-and-physical-education,healthy habits,Create a question that asks the student to explain their reasoning for slightly challenging elementary students to develop healthy habits through personal boundaries. Use a familiar real-life context and add a short hint.
health-and-physical-education,safety,Create a two-part question for easy elementary students to develop safety through exercise. Avoid technical vocabulary and include a brief answer key.
health-and-physical-education,physical activity,Create a true-or-false question with a brief explanation for moderate elementary students to develop physical activity through personal boundaries. Use clear vocabulary and include the correct answer.
health-and-physical-education,safety,Create a simple scenario-based question for easy elementary students to develop safety through exercise. Use a familiar real-life context and add a short hint.
health-and-physical-education,nutrition,Create a comparison question for beginner elementary students to develop nutrition through hydration. Avoid technical vocabulary and include a brief answer key.
health-and-physical-education,nutrition,Create a comparison question for easy elementary students to develop nutrition through emotions. Use clear vocabulary and include the correct answer.
health-and-physical-education,healthy habits,Create a fill-in-the-blank question for moderate elementary students to develop healthy habits through personal boundaries. Use clear vocabulary and include the correct answer.
health-and-physical-education,nutrition,Create a fill-in-the-blank question for moderate elementary students to develop nutrition through road safety. Keep the question under 50 words and provide the answer.
health-and-physical-education,safety,Create a question that asks the student to explain their reasoning for slightly challenging elementary students to develop safety through hydration. Use age-appropriate language and explain the answer briefly.
health-and-physical-education,nutrition,Create a true-or-false question with a brief explanation for easy elementary students to develop nutrition through handwashing. Make the expected response possible using text only.
health-and-physical-education,safety,Create a true-or-false question with a brief explanation for beginner elementary students to develop safety through handwashing. Avoid technical vocabulary and include a brief answer key.
health-and-physical-education,emotional awareness,Create a two-part question for easy elementary students to develop emotional awareness through emotions. Avoid technical vocabulary and include a brief answer key.
health-and-physical-education,healthy habits,Create a short-answer question for moderate elementary students to develop healthy habits through posture. Keep the question under 50 words and provide the answer.
health-and-physical-education,physical activity,Create a simple scenario-based question for slightly challenging elementary students to develop physical activity through hydration. Use clear vocabulary and include the correct answer.
health-and-physical-education,emotional awareness,Create a comparison question for moderate elementary students to develop emotional awareness through sleep routines. Avoid technical vocabulary and include a brief answer key.
health-and-physical-education,healthy habits,Create a simple scenario-based question for easy elementary students to develop healthy habits through emotions. Use a familiar real-life context and add a short hint.
health-and-physical-education,personal hygiene,Create a comparison question for beginner elementary students to develop personal hygiene through handwashing. Ask only one main idea and include the correct answer.
health-and-physical-education,emotional awareness,Create a simple scenario-based question for easy elementary students to develop emotional awareness through handwashing. Use a familiar real-life context and add a short hint.
health-and-physical-education,nutrition,Create a question that asks the student to explain their reasoning for beginner elementary students to develop nutrition through personal boundaries. Use a familiar real-life context and add a short hint.
health-and-physical-education,nutrition,Create a comparison question for beginner elementary students to develop nutrition through road safety. Avoid technical vocabulary and include a brief answer key.
health-and-physical-education,safety,Create a true-or-false question with a brief explanation for moderate elementary students to develop safety through exercise. Keep the question under 50 words and provide the answer.
health-and-physical-education,emotional awareness,Create a multiple-choice question with four options for easy elementary students to develop emotional awareness through hydration. Make the expected response possible using text only.
health-and-physical-education,safety,Create a question that asks the student to explain their reasoning for slightly challenging elementary students to develop safety through personal boundaries. Use age-appropriate language and explain the answer briefly.
health-and-physical-education,nutrition,Create a fill-in-the-blank question for slightly challenging elementary students to develop nutrition through exercise. Make the instructions direct and easy for a teacher to use.
health-and-physical-education,safety,Create a comparison question for beginner elementary students to develop safety through balanced meals. Use a familiar real-life context and add a short hint.
health-and-physical-education,safety,Create a multiple-choice question with four options for slightly challenging elementary students to develop safety through emotions. Avoid technical vocabulary and include a brief answer key.
health-and-physical-education,physical activity,Create a question that asks the student to explain their reasoning for slightly challenging elementary students to develop physical activity through emotions. Ask only one main idea and include the correct answer.
health-and-physical-education,healthy habits,Create a true-or-false question with a brief explanation for moderate elementary students to develop healthy habits through balanced meals. Use age-appropriate language and explain the answer briefly.
health-and-physical-education,healthy habits,Create a fill-in-the-blank question for beginner elementary students to develop healthy habits through handwashing. Make the expected response possible using text only.
health-and-physical-education,healthy habits,Create a short-answer question for moderate elementary students to develop healthy habits through sleep routines. Use clear vocabulary and include the correct answer.
health-and-physical-education,emotional awareness,Create a multiple-choice question with four options for beginner elementary students to develop emotional awareness through emotions. Make the expected response possible using text only.
health-and-physical-education,personal hygiene,Create a true-or-false question with a brief explanation for easy elementary students to develop personal hygiene through road safety. Make the instructions direct and easy for a teacher to use.
health-and-physical-education,emotional awareness,Create a simple scenario-based question for beginner elementary students to develop emotional awareness through exercise. Ask only one main idea and include the correct answer.
health-and-physical-education,healthy habits,Create a question that asks the student to explain their reasoning for easy elementary students to develop healthy habits through hydration. Use age-appropriate language and explain the answer briefly.
health-and-physical-education,emotional awareness,Create a simple scenario-based question for easy elementary students to develop emotional awareness through teamwork. Keep the question under 50 words and provide the answer.
health-and-physical-education,emotional awareness,Create a multiple-choice question with four options for beginner elementary students to develop emotional awareness through hydration. Make the instructions direct and easy for a teacher to use.
health-and-physical-education,nutrition,Create a multiple-choice question with four options for slightly challenging elementary students to develop nutrition through handwashing. Use age-appropriate language and explain the answer briefly.
health-and-physical-education,safety,Create a true-or-false question with a brief explanation for slightly challenging elementary students to develop safety through balanced meals. Use clear vocabulary and include the correct answer.
health-and-physical-education,healthy habits,Create a two-part question for moderate elementary students to develop healthy habits through handwashing. Use clear vocabulary and include the correct answer.
health-and-physical-education,personal hygiene,Create a short-answer question for moderate elementary students to develop personal hygiene through teamwork. Make the expected response possible using text only.
health-and-physical-education,healthy habits,Create a simple scenario-based question for easy elementary students to develop healthy habits through emotions. Use age-appropriate language and explain the answer briefly.
health-and-physical-education,physical activity,Create a short-answer question for easy elementary students to develop physical activity through posture. Use age-appropriate language and explain the answer briefly.
health-and-physical-education,personal hygiene,Create a simple scenario-based question for beginner elementary students to develop personal hygiene through hydration. Avoid technical vocabulary and include a brief answer key.
health-and-physical-education,physical activity,Create a question that asks the student to explain their reasoning for beginner elementary students to develop physical activity through emotions. Make the instructions direct and easy for a teacher to use.
health-and-physical-education,personal hygiene,Create a short-answer question for moderate elementary students to develop personal hygiene through road safety. Use clear vocabulary and include the correct answer.
health-and-physical-education,personal hygiene,Create a comparison question for beginner elementary students to develop personal hygiene through emotions. Make the instructions direct and easy for a teacher to use.
health-and-physical-education,physical activity,Create a two-part question for moderate elementary students to develop physical activity through exercise. Ask only one main idea and include the correct answer.
health-and-physical-education,safety,Create a question that asks the student to explain their reasoning for slightly challenging elementary students to develop safety through road safety. Use age-appropriate language and explain the answer briefly.
health-and-physical-education,healthy habits,Create a two-part question for beginner elementary students to develop healthy habits through sleep routines. Use clear vocabulary and include the correct answer.
health-and-physical-education,emotional awareness,Create a question that asks the student to explain their reasoning for slightly challenging elementary students to develop emotional awareness through balanced meals. Keep the question under 50 words and provide the answer.
health-and-physical-education,healthy habits,Create a short-answer question for moderate elementary students to develop healthy habits through handwashing. Use clear vocabulary and include the correct answer.
health-and-physical-education,emotional awareness,Create a comparison question for slightly challenging elementary students to develop emotional awareness through road safety. Ask only one main idea and include the correct answer.
health-and-physical-education,nutrition,Create a comparison question for slightly challenging elementary students to develop nutrition through hydration. Use age-appropriate language and explain the answer briefly.
health-and-physical-education,personal hygiene,Create a comparison question for moderate elementary students to develop personal hygiene through teamwork. Use age-appropriate language and explain the answer briefly.
health-and-physical-education,safety,Create a fill-in-the-blank question for slightly challenging elementary students to develop safety through sleep routines. Use clear vocabulary and include the correct answer.
health-and-physical-education,healthy habits,Create a question that asks the student to explain their reasoning for easy elementary students to develop healthy habits through personal boundaries. Ask only one main idea and include the correct answer.
health-and-physical-education,personal hygiene,Create a simple scenario-based question for beginner elementary students to develop personal hygiene through sleep routines. Use age-appropriate language and explain the answer briefly.
health-and-physical-education,nutrition,Create a simple scenario-based question for easy elementary students to develop nutrition through balanced meals. Use age-appropriate language and explain the answer briefly.
health-and-physical-education,physical activity,Create a short-answer question for beginner elementary students to develop physical activity through sleep routines. Use clear vocabulary and include the correct answer.
health-and-physical-education,physical activity,Create a two-part question for easy elementary students to develop physical activity through emotions. Ask only one main idea and include the correct answer.
health-and-physical-education,nutrition,Create a question that asks the student to explain their reasoning for beginner elementary students to develop nutrition through hydration. Use age-appropriate language and explain the answer briefly.
health-and-physical-education,physical activity,Create a question that asks the student to explain their reasoning for easy elementary students to develop physical activity through exercise. Use a familiar real-life context and add a short hint.
health-and-physical-education,physical activity,Create a multiple-choice question with four options for slightly challenging elementary students to develop physical activity through balanced meals. Make the instructions direct and easy for a teacher to use.
health-and-physical-education,healthy habits,Create a short-answer question for easy elementary students to develop healthy habits through personal boundaries. Make the instructions direct and easy for a teacher to use.
health-and-physical-education,emotional awareness,Create a two-part question for moderate elementary students to develop emotional awareness through emotions. Use clear vocabulary and include the correct answer.
health-and-physical-education,physical activity,Create a question that asks the student to explain their reasoning for moderate elementary students to develop physical activity through personal boundaries. Use a familiar real-life context and add a short hint.
health-and-physical-education,emotional awareness,Create a simple scenario-based question for slightly challenging elementary students to develop emotional awareness through personal boundaries. Make the instructions direct and easy for a teacher to use.
health-and-physical-education,emotional awareness,Create a comparison question for moderate elementary students to develop emotional awareness through posture. Make the instructions direct and easy for a teacher to use.
health-and-physical-education,nutrition,Create a question that asks the student to explain their reasoning for easy elementary students to develop nutrition through personal boundaries. Keep the question under 50 words and provide the answer.
health-and-physical-education,nutrition,Create a simple scenario-based question for slightly challenging elementary students to develop nutrition through exercise. Use a familiar real-life context and add a short hint.
health-and-physical-education,physical activity,Create a short-answer question for beginner elementary students to develop physical activity through teamwork. Use age-appropriate language and explain the answer briefly.
health-and-physical-education,physical activity,Create a multiple-choice question with four options for beginner elementary students to develop physical activity through road safety. Make the instructions direct and easy for a teacher to use.
health-and-physical-education,nutrition,Create a simple scenario-based question for easy elementary students to develop nutrition through sleep routines. Ask only one main idea and include the correct answer.
health-and-physical-education,safety,Create a fill-in-the-blank question for easy elementary students to develop safety through sleep routines. Make the instructions direct and easy for a teacher to use.
health-and-physical-education,emotional awareness,Create a simple scenario-based question for moderate elementary students to develop emotional awareness through balanced meals. Make the expected response possible using text only.
health-and-physical-education,emotional awareness,Create a short-answer question for easy elementary students to develop emotional awareness through road safety. Use age-appropriate language and explain the answer briefly.
health-and-physical-education,personal hygiene,Create a simple scenario-based question for moderate elementary students to develop personal hygiene through hydration. Keep the question under 50 words and provide the answer.
health-and-physical-education,nutrition,Create a comparison question for moderate elementary students to develop nutrition through emotions. Make the expected response possible using text only.
health-and-physical-education,physical activity,Create a two-part question for slightly challenging elementary students to develop physical activity through sleep routines. Ask only one main idea and include the correct answer.
health-and-physical-education,physical activity,Create a fill-in-the-blank question for slightly challenging elementary students to develop physical activity through exercise. Make the instructions direct and easy for a teacher to use.
arts-and-music,sound comparison,Create a true-or-false question with a brief explanation for moderate elementary students to develop sound comparison through patterns. Avoid technical vocabulary and include a brief answer key.
arts-and-music,creative expression,Create a two-part question for moderate elementary students to develop creative expression through patterns. Ask only one main idea and include the correct answer.
arts-and-music,sound comparison,Create a comparison question for moderate elementary students to develop sound comparison through patterns. Make the instructions direct and easy for a teacher to use.
arts-and-music,rhythm recognition,Create a simple scenario-based question for easy elementary students to develop rhythm recognition through a classroom art project. Make the expected response possible using text only.
arts-and-music,color and shape recognition,Create a true-or-false question with a brief explanation for beginner elementary students to develop color and shape recognition through a classroom art project. Use age-appropriate language and explain the answer briefly.
arts-and-music,creative expression,Create a comparison question for slightly challenging elementary students to develop creative expression through a classroom art project. Ask only one main idea and include the correct answer.
arts-and-music,sound comparison,Create a question that asks the student to explain their reasoning for slightly challenging elementary students to develop sound comparison through rhythm. Use a familiar real-life context and add a short hint.
arts-and-music,color and shape recognition,Create a fill-in-the-blank question for moderate elementary students to develop color and shape recognition through warm and cool colors. Use age-appropriate language and explain the answer briefly.
arts-and-music,visual interpretation,Create a question that asks the student to explain their reasoning for moderate elementary students to develop visual interpretation through a dance. Avoid technical vocabulary and include a brief answer key.
arts-and-music,creative expression,Create a true-or-false question with a brief explanation for beginner elementary students to develop creative expression through a sculpture. Make the instructions direct and easy for a teacher to use.
arts-and-music,creative expression,Create a fill-in-the-blank question for easy elementary students to develop creative expression through a dance. Use age-appropriate language and explain the answer briefly.
arts-and-music,rhythm recognition,Create a question that asks the student to explain their reasoning for easy elementary students to develop rhythm recognition through a classroom art project. Use clear vocabulary and include the correct answer.
arts-and-music,rhythm recognition,Create a comparison question for easy elementary students to develop rhythm recognition through a classroom art project. Avoid technical vocabulary and include a brief answer key.
arts-and-music,rhythm recognition,Create a fill-in-the-blank question for moderate elementary students to develop rhythm recognition through a song. Keep the question under 50 words and provide the answer.
arts-and-music,visual interpretation,Create a fill-in-the-blank question for easy elementary students to develop visual interpretation through warm and cool colors. Use clear vocabulary and include the correct answer.
arts-and-music,art appreciation,Create a short-answer question for easy elementary students to develop art appreciation through warm and cool colors. Make the instructions direct and easy for a teacher to use.
arts-and-music,visual interpretation,Create a true-or-false question with a brief explanation for easy elementary students to develop visual interpretation through textures. Use age-appropriate language and explain the answer briefly.
arts-and-music,color and shape recognition,Create a comparison question for slightly challenging elementary students to develop color and shape recognition through a dance. Use age-appropriate language and explain the answer briefly.
arts-and-music,visual interpretation,Create a two-part question for easy elementary students to develop visual interpretation through a song. Keep the question under 50 words and provide the answer.
arts-and-music,sound comparison,Create a question that asks the student to explain their reasoning for easy elementary students to develop sound comparison through patterns. Use clear vocabulary and include the correct answer.
arts-and-music,visual interpretation,Create a simple scenario-based question for slightly challenging elementary students to develop visual interpretation through patterns. Ask only one main idea and include the correct answer.
arts-and-music,visual interpretation,Create a comparison question for beginner elementary students to develop visual interpretation through a song. Ask only one main idea and include the correct answer.
arts-and-music,rhythm recognition,Create a two-part question for moderate elementary students to develop rhythm recognition through rhythm. Use a familiar real-life context and add a short hint.
arts-and-music,rhythm recognition,Create a fill-in-the-blank question for easy elementary students to develop rhythm recognition through a painting. Make the expected response possible using text only.
arts-and-music,creative expression,Create a short-answer question for easy elementary students to develop creative expression through textures. Make the expected response possible using text only.
arts-and-music,sound comparison,Create a short-answer question for slightly challenging elementary students to develop sound comparison through warm and cool colors. Use a familiar real-life context and add a short hint.
arts-and-music,sound comparison,Create a comparison question for beginner elementary students to develop sound comparison through rhythm. Make the expected response possible using text only.
arts-and-music,art appreciation,Create a simple scenario-based question for moderate elementary students to develop art appreciation through a dance. Ask only one main idea and include the correct answer.
arts-and-music,creative expression,Create a fill-in-the-blank question for beginner elementary students to develop creative expression through a dance. Keep the question under 50 words and provide the answer.
arts-and-music,visual interpretation,Create a simple scenario-based question for moderate elementary students to develop visual interpretation through rhythm. Use age-appropriate language and explain the answer briefly.
arts-and-music,creative expression,Create a fill-in-the-blank question for moderate elementary students to develop creative expression through a sculpture. Use a familiar real-life context and add a short hint.
arts-and-music,art appreciation,Create a short-answer question for beginner elementary students to develop art appreciation through rhythm. Make the instructions direct and easy for a teacher to use.
arts-and-music,art appreciation,Create a question that asks the student to explain their reasoning for moderate elementary students to develop art appreciation through a painting. Keep the question under 50 words and provide the answer.
arts-and-music,rhythm recognition,Create a true-or-false question with a brief explanation for easy elementary students to develop rhythm recognition through rhythm. Keep the question under 50 words and provide the answer.
arts-and-music,art appreciation,Create a short-answer question for beginner elementary students to develop art appreciation through warm and cool colors. Keep the question under 50 words and provide the answer.
arts-and-music,sound comparison,Create a question that asks the student to explain their reasoning for moderate elementary students to develop sound comparison through a sculpture. Use age-appropriate language and explain the answer briefly.
arts-and-music,rhythm recognition,Create a short-answer question for slightly challenging elementary students to develop rhythm recognition through a classroom art project. Use age-appropriate language and explain the answer briefly.
arts-and-music,art appreciation,Create a true-or-false question with a brief explanation for slightly challenging elementary students to develop art appreciation through a song. Make the expected response possible using text only.
arts-and-music,art appreciation,Create a comparison question for beginner elementary students to develop art appreciation through patterns. Avoid technical vocabulary and include a brief answer key.
arts-and-music,color and shape recognition,Create a multiple-choice question with four options for slightly challenging elementary students to develop color and shape recognition through musical instruments. Use age-appropriate language and explain the answer briefly.
arts-and-music,color and shape recognition,Create a fill-in-the-blank question for beginner elementary students to develop color and shape recognition through patterns. Ask only one main idea and include the correct answer.
arts-and-music,rhythm recognition,Create a multiple-choice question with four options for moderate elementary students to develop rhythm recognition through a dance. Use age-appropriate language and explain the answer briefly.
arts-and-music,color and shape recognition,Create a multiple-choice question with four options for beginner elementary students to develop color and shape recognition through rhythm. Make the instructions direct and easy for a teacher to use.
arts-and-music,creative expression,Create a two-part question for slightly challenging elementary students to develop creative expression through a painting. Make the expected response possible using text only.
arts-and-music,color and shape recognition,Create a two-part question for slightly challenging elementary students to develop color and shape recognition through musical instruments. Make the instructions direct and easy for a teacher to use.
arts-and-music,sound comparison,Create a two-part question for slightly challenging elementary students to develop sound comparison through a dance. Use a familiar real-life context and add a short hint.
arts-and-music,visual interpretation,Create a true-or-false question with a brief explanation for moderate elementary students to develop visual interpretation through a sculpture. Make the instructions direct and easy for a teacher to use.
arts-and-music,rhythm recognition,Create a question that asks the student to explain their reasoning for easy elementary students to develop rhythm recognition through textures. Use a familiar real-life context and add a short hint.
arts-and-music,rhythm recognition,Create a simple scenario-based question for easy elementary students to develop rhythm recognition through a song. Ask only one main idea and include the correct answer.
arts-and-music,rhythm recognition,Create a simple scenario-based question for slightly challenging elementary students to develop rhythm recognition through warm and cool colors. Use a familiar real-life context and add a short hint.
arts-and-music,visual interpretation,Create a comparison question for slightly challenging elementary students to develop visual interpretation through warm and cool colors. Make the instructions direct and easy for a teacher to use.
arts-and-music,art appreciation,Create a question that asks the student to explain their reasoning for moderate elementary students to develop art appreciation through warm and cool colors. Ask only one main idea and include the correct answer.
arts-and-music,color and shape recognition,Create a fill-in-the-blank question for slightly challenging elementary students to develop color and shape recognition through patterns. Make the instructions direct and easy for a teacher to use.
arts-and-music,creative expression,Create a multiple-choice question with four options for moderate elementary students to develop creative expression through a dance. Avoid technical vocabulary and include a brief answer key.
arts-and-music,sound comparison,Create a multiple-choice question with four options for easy elementary students to develop sound comparison through a song. Make the expected response possible using text only.
arts-and-music,creative expression,Create a short-answer question for moderate elementary students to develop creative expression through warm and cool colors. Use clear vocabulary and include the correct answer.
arts-and-music,sound comparison,Create a fill-in-the-blank question for slightly challenging elementary students to develop sound comparison through a classroom art project. Use age-appropriate language and explain the answer briefly.
arts-and-music,visual interpretation,Create a true-or-false question with a brief explanation for beginner elementary students to develop visual interpretation through a dance. Use a familiar real-life context and add a short hint.
arts-and-music,rhythm recognition,Create a simple scenario-based question for moderate elementary students to develop rhythm recognition through a classroom art project. Make the expected response possible using text only.
arts-and-music,art appreciation,Create a question that asks the student to explain their reasoning for beginner elementary students to develop art appreciation through a sculpture. Use clear vocabulary and include the correct answer.
arts-and-music,sound comparison,Create a multiple-choice question with four options for moderate elementary students to develop sound comparison through rhythm. Use clear vocabulary and include the correct answer.
arts-and-music,creative expression,Create a two-part question for moderate elementary students to develop creative expression through a dance. Use age-appropriate language and explain the answer briefly.
arts-and-music,sound comparison,Create a two-part question for moderate elementary students to develop sound comparison through musical instruments. Use a familiar real-life context and add a short hint.
arts-and-music,color and shape recognition,Create a simple scenario-based question for easy elementary students to develop color and shape recognition through patterns. Use clear vocabulary and include the correct answer.
arts-and-music,sound comparison,Create a question that asks the student to explain their reasoning for moderate elementary students to develop sound comparison through patterns. Avoid technical vocabulary and include a brief answer key.
arts-and-music,art appreciation,Create a short-answer question for beginner elementary students to develop art appreciation through textures. Keep the question under 50 words and provide the answer.
arts-and-music,sound comparison,Create a short-answer question for beginner elementary students to develop sound comparison through a sculpture. Use clear vocabulary and include the correct answer.
arts-and-music,creative expression,Create a comparison question for slightly challenging elementary students to develop creative expression through a song. Make the instructions direct and easy for a teacher to use.
arts-and-music,creative expression,Create a two-part question for beginner elementary students to develop creative expression through textures. Use a familiar real-life context and add a short hint.
arts-and-music,creative expression,Create a fill-in-the-blank question for slightly challenging elementary students to develop creative expression through warm and cool colors. Avoid technical vocabulary and include a brief answer key.
arts-and-music,color and shape recognition,Create a question that asks the student to explain their reasoning for easy elementary students to develop color and shape recognition through patterns. Use a familiar real-life context and add a short hint.
arts-and-music,art appreciation,Create a true-or-false question with a brief explanation for beginner elementary students to develop art appreciation through textures. Make the instructions direct and easy for a teacher to use.
arts-and-music,art appreciation,Create a multiple-choice question with four options for moderate elementary students to develop art appreciation through rhythm. Make the instructions direct and easy for a teacher to use.
arts-and-music,rhythm recognition,Create a short-answer question for beginner elementary students to develop rhythm recognition through warm and cool colors. Use age-appropriate language and explain the answer briefly.
arts-and-music,art appreciation,Create a question that asks the student to explain their reasoning for easy elementary students to develop art appreciation through musical instruments. Ask only one main idea and include the correct answer.
arts-and-music,visual interpretation,Create a question that asks the student to explain their reasoning for easy elementary students to develop visual interpretation through patterns. Use age-appropriate language and explain the answer briefly.
arts-and-music,creative expression,Create a multiple-choice question with four options for moderate elementary students to develop creative expression through a classroom art project. Make the expected response possible using text only.
arts-and-music,sound comparison,Create a two-part question for easy elementary students to develop sound comparison through warm and cool colors. Make the instructions direct and easy for a teacher to use.
arts-and-music,sound comparison,Create a multiple-choice question with four options for slightly challenging elementary students to develop sound comparison through patterns. Use age-appropriate language and explain the answer briefly.
arts-and-music,art appreciation,Create a true-or-false question with a brief explanation for beginner elementary students to develop art appreciation through warm and cool colors. Avoid technical vocabulary and include a brief answer key.
