subject,skill,prompt,id_prompt
science,cause and effect,Create a true-or-false question with a brief explanation for beginner elementary students to develop cause and effect through the solar system. Use a familiar real-life context and add a short hint.,0
science,observation,Create a true-or-false question with a brief explanation for moderate elementary students to develop observation through recycling. Avoid technical vocabulary and include a brief answer key.,1
science,prediction,Create a fill-in-the-blank question for moderate elementary students to develop prediction through the solar system. Use age-appropriate language and explain the answer briefly.,2
science,classification,Create a true-or-false question with a brief explanation for beginner elementary students to develop classification through recycling. Use a familiar real-life context and add a short hint.,3
science,scientific explanation,Create a comparison question for slightly challenging elementary students to develop scientific explanation through materials. Make the instructions direct and easy for a teacher to use.,4
science,prediction,Create a comparison question for moderate elementary students to develop prediction through plants. Use clear vocabulary and include the correct answer.,5
science,cause and effect,Create a fill-in-the-blank question for beginner elementary students to develop cause and effect through weather. Use clear vocabulary and include the correct answer.,6
science,classification,Create a comparison question for easy elementary students to develop classification through materials. Make the expected response possible using text only.,7
science,observation,Create a comparison question for slightly challenging elementary students to develop observation through the solar system. Ask only one main idea and include the correct answer.,8
science,environmental awareness,Create a question that asks the student to explain their reasoning for beginner elementary students to develop environmental awareness through the human body. Keep the question under 50 words and provide the answer.,9
science,classification,Create a question that asks the student to explain their reasoning for easy elementary students to develop classification through recycling. Use a familiar real-life context and add a short hint.,10
science,scientific explanation,Create a short-answer question for moderate elementary students to develop scientific explanation through plants. Use clear vocabulary and include the correct answer.,11
science,prediction,Create a simple scenario-based question for moderate elementary students to develop prediction through plants. Avoid technical vocabulary and include a brief answer key.,12
science,classification,Create a fill-in-the-blank question for easy elementary students to develop classification through weather. Avoid technical vocabulary and include a brief answer key.,13
science,scientific explanation,Create a simple scenario-based question for moderate elementary students to develop scientific explanation through weather. Avoid technical vocabulary and include a brief answer key.,14
science,cause and effect,Create a question that asks the student to explain their reasoning for easy elementary students to develop cause and effect through recycling. Make the expected response possible using text only.,15
science,scientific explanation,Create a two-part question for slightly challenging elementary students to develop scientific explanation through materials. Make the instructions direct and easy for a teacher to use.,16
science,environmental awareness,Create a two-part question for easy elementary students to develop environmental awareness through recycling. Keep the question under 50 words and provide the answer.,17
science,observation,Create a simple scenario-based question for easy elementary students to develop observation through habitats. Use age-appropriate language and explain the answer briefly.,18
science,observation,Create a short-answer question for beginner elementary students to develop observation through light and shadows. Use a familiar real-life context and add a short hint.,19
science,prediction,Create a two-part question for slightly challenging elementary students to develop prediction through habitats. Use clear vocabulary and include the correct answer.,20
science,classification,Create a two-part question for slightly challenging elementary students to develop classification through habitats. Make the instructions direct and easy for a teacher to use.,21
science,scientific explanation,Create a simple scenario-based question for moderate elementary students to develop scientific explanation through light and shadows. Use clear vocabulary and include the correct answer.,22
science,scientific explanation,Create a true-or-false question with a brief explanation for moderate elementary students to develop scientific explanation through recycling. Make the instructions direct and easy for a teacher to use.,23
science,scientific explanation,Create a two-part question for easy elementary students to develop scientific explanation through the solar system. Use a familiar real-life context and add a short hint.,24
science,scientific explanation,Create a comparison question for easy elementary students to develop scientific explanation through materials. Use a familiar real-life context and add a short hint.,25
science,classification,Create a two-part question for moderate elementary students to develop classification through light and shadows. Use age-appropriate language and explain the answer briefly.,26
science,scientific explanation,Create a question that asks the student to explain their reasoning for easy elementary students to develop scientific explanation through animals. Make the instructions direct and easy for a teacher to use.,27
science,cause and effect,Create a multiple-choice question with four options for moderate elementary students to develop cause and effect through recycling. Make the instructions direct and easy for a teacher to use.,28
science,cause and effect,Create a multiple-choice question with four options for easy elementary students to develop cause and effect through water. Avoid technical vocabulary and include a brief answer key.,29
science,cause and effect,Create a simple scenario-based question for moderate elementary students to develop cause and effect through the solar system. Make the instructions direct and easy for a teacher to use.,30
science,classification,Create a question that asks the student to explain their reasoning for moderate elementary students to develop classification through materials. Use clear vocabulary and include the correct answer.,31
science,cause and effect,Create a multiple-choice question with four options for easy elementary students to develop cause and effect through animals. Avoid technical vocabulary and include a brief answer key.,32
science,observation,Create a question that asks the student to explain their reasoning for moderate elementary students to develop observation through habitats. Make the instructions direct and easy for a teacher to use.,33
science,prediction,Create a simple scenario-based question for easy elementary students to develop prediction through light and shadows. Make the expected response possible using text only.,34
science,observation,Create a two-part question for easy elementary students to develop observation through the human body. Ask only one main idea and include the correct answer.,35
science,scientific explanation,Create a short-answer question for moderate elementary students to develop scientific explanation through weather. Ask only one main idea and include the correct answer.,36
science,scientific explanation,Create a true-or-false question with a brief explanation for easy elementary students to develop scientific explanation through plants. Use age-appropriate language and explain the answer briefly.,37
science,prediction,Create a true-or-false question with a brief explanation for slightly challenging elementary students to develop prediction through the human body. Use a familiar real-life context and add a short hint.,38
science,prediction,Create a short-answer question for easy elementary students to develop prediction through plants. Ask only one main idea and include the correct answer.,39
science,prediction,Create a simple scenario-based question for slightly challenging elementary students to develop prediction through plants. Avoid technical vocabulary and include a brief answer key.,40
science,classification,Create a simple scenario-based question for slightly challenging elementary students to develop classification through habitats. Avoid technical vocabulary and include a brief answer key.,41
science,scientific explanation,Create a question that asks the student to explain their reasoning for slightly challenging elementary students to develop scientific explanation through materials. Avoid technical vocabulary and include a brief answer key.,42
science,observation,Create a fill-in-the-blank question for easy elementary students to develop observation through plants. Use age-appropriate language and explain the answer briefly.,43
science,cause and effect,Create a two-part question for moderate elementary students to develop cause and effect through recycling. Use clear vocabulary and include the correct answer.,44
science,environmental awareness,Create a comparison question for slightly challenging elementary students to develop environmental awareness through recycling. Use age-appropriate language and explain the answer briefly.,45
science,classification,Create a question that asks the student to explain their reasoning for slightly challenging elementary students to develop classification through light and shadows. Use a familiar real-life context and add a short hint.,46
science,classification,Create a short-answer question for easy elementary students to develop classification through water. Make the instructions direct and easy for a teacher to use.,47
science,observation,Create a comparison question for beginner elementary students to develop observation through plants. Make the instructions direct and easy for a teacher to use.,48
science,observation,Create a short-answer question for moderate elementary students to develop observation through water. Make the expected response possible using text only.,49
science,classification,Create a true-or-false question with a brief explanation for beginner elementary students to develop classification through weather. Make the instructions direct and easy for a teacher to use.,50
science,prediction,Create a short-answer question for beginner elementary students to develop prediction through the solar system. Avoid technical vocabulary and include a brief answer key.,51
science,observation,Create a short-answer question for easy elementary students to develop observation through habitats. Ask only one main idea and include the correct answer.,52
science,prediction,Create a question that asks the student to explain their reasoning for slightly challenging elementary students to develop prediction through water. Make the expected response possible using text only.,53
science,environmental awareness,Create a two-part question for moderate elementary students to develop environmental awareness through materials. Keep the question under 50 words and provide the answer.,54
science,environmental awareness,Create a question that asks the student to explain their reasoning for beginner elementary students to develop environmental awareness through light and shadows. Use age-appropriate language and explain the answer briefly.,55
science,prediction,Create a short-answer question for slightly challenging elementary students to develop prediction through animals. Make the expected response possible using text only.,56
science,observation,Create a fill-in-the-blank question for moderate elementary students to develop observation through habitats. Make the expected response possible using text only.,57
science,environmental awareness,Create a question that asks the student to explain their reasoning for easy elementary students to develop environmental awareness through plants. Use a familiar real-life context and add a short hint.,58
science,prediction,Create a multiple-choice question with four options for slightly challenging elementary students to develop prediction through water. Keep the question under 50 words and provide the answer.,59
science,cause and effect,Create a multiple-choice question with four options for moderate elementary students to develop cause and effect through habitats. Use age-appropriate language and explain the answer briefly.,60
science,prediction,Create a short-answer question for beginner elementary students to develop prediction through water. Make the instructions direct and easy for a teacher to use.,61
science,cause and effect,Create a question that asks the student to explain their reasoning for slightly challenging elementary students to develop cause and effect through the solar system. Make the expected response possible using text only.,62
science,prediction,Create a short-answer question for easy elementary students to develop prediction through the solar system. Make the instructions direct and easy for a teacher to use.,63
science,prediction,Create a comparison question for easy elementary students to develop prediction through habitats. Make the expected response possible using text only.,64
science,environmental awareness,Create a two-part question for moderate elementary students to develop environmental awareness through recycling. Use a familiar real-life context and add a short hint.,65
science,environmental awareness,Create a true-or-false question with a brief explanation for moderate elementary students to develop environmental awareness through plants. Use a familiar real-life context and add a short hint.,66
science,classification,Create a true-or-false question with a brief explanation for moderate elementary students to develop classification through the solar system. Use clear vocabulary and include the correct answer.,67
science,observation,Create a question that asks the student to explain their reasoning for moderate elementary students to develop observation through materials. Make the expected response possible using text only.,68
science,cause and effect,Create a question that asks the student to explain their reasoning for easy elementary students to develop cause and effect through the solar system. Make the expected response possible using text only.,69
science,prediction,Create a multiple-choice question with four options for moderate elementary students to develop prediction through recycling. Use a familiar real-life context and add a short hint.,70
science,classification,Create a two-part question for easy elementary students to develop classification through the solar system. Use a familiar real-life context and add a short hint.,71
science,environmental awareness,Create a true-or-false question with a brief explanation for moderate elementary students to develop environmental awareness through light and shadows. Use a familiar real-life context and add a short hint.,72
science,prediction,Create a comparison question for easy elementary students to develop prediction through animals. Avoid technical vocabulary and include a brief answer key.,73
science,observation,Create a short-answer question for easy elementary students to develop observation through the solar system. Ask only one main idea and include the correct answer.,74
science,observation,Create a true-or-false question with a brief explanation for moderate elementary students to develop observation through the human body. Keep the question under 50 words and provide the answer.,75
science,observation,Create a multiple-choice question with four options for slightly challenging elementary students to develop observation through plants. Use a familiar real-life context and add a short hint.,76
science,observation,Create a true-or-false question with a brief explanation for beginner elementary students to develop observation through the human body. Use age-appropriate language and explain the answer briefly.,77
science,observation,Create a fill-in-the-blank question for beginner elementary students to develop observation through materials. Keep the question under 50 words and provide the answer.,78
science,environmental awareness,Create a multiple-choice question with four options for easy elementary students to develop environmental awareness through the solar system. Use a familiar real-life context and add a short hint.,79
language-arts,sequence of events,Create a short-answer question for beginner elementary students to develop sequence of events through a classroom dialogue. Make the expected response possible using text only.,80
language-arts,sequence of events,Create a question that asks the student to explain their reasoning for easy elementary students to develop sequence of events through a description of a place. Ask only one main idea and include the correct answer.,81
language-arts,vocabulary in context,Create a two-part question for moderate elementary students to develop vocabulary in context through a description of a place. Make the instructions direct and easy for a teacher to use.,82
language-arts,written expression,Create a multiple-choice question with four options for slightly challenging elementary students to develop written expression through a school event. Make the expected response possible using text only.,83
language-arts,sequence of events,Create a short-answer question for easy elementary students to develop sequence of events through a school event. Use clear vocabulary and include the correct answer.,84
language-arts,sequence of events,Create a comparison question for slightly challenging elementary students to develop sequence of events through a classroom dialogue. Avoid technical vocabulary and include a brief answer key.,85
language-arts,main idea,Create a fill-in-the-blank question for easy elementary students to develop main idea through a fable. Avoid technical vocabulary and include a brief answer key.,86
language-arts,main idea,Create a question that asks the student to explain their reasoning for easy elementary students to develop main idea through a short informational text. Make the expected response possible using text only.,87
language-arts,reading comprehension,Create a true-or-false question with a brief explanation for slightly challenging elementary students to develop reading comprehension through a school event. Keep the question under 50 words and provide the answer.,88
language-arts,vocabulary in context,Create a comparison question for moderate elementary students to develop vocabulary in context through a poem. Use clear vocabulary and include the correct answer.,89
language-arts,character analysis,Create a fill-in-the-blank question for easy elementary students to develop character analysis through a short informational text. Use clear vocabulary and include the correct answer.,90
language-arts,reading comprehension,Create a short-answer question for easy elementary students to develop reading comprehension through a fable. Keep the question under 50 words and provide the answer.,91
language-arts,vocabulary in context,Create a true-or-false question with a brief explanation for slightly challenging elementary students to develop vocabulary in context through a character's actions. Keep the question under 50 words and provide the answer.,92
language-arts,sequence of events,Create a multiple-choice question with four options for moderate elementary students to develop sequence of events through a description of a place. Avoid technical vocabulary and include a brief answer key.,93
language-arts,character analysis,Create a short-answer question for beginner elementary students to develop character analysis through a family story. Avoid technical vocabulary and include a brief answer key.,94
language-arts,written expression,Create a simple scenario-based question for moderate elementary students to develop written expression through a poem. Make the instructions direct and easy for a teacher to use.,95
language-arts,character analysis,Create a comparison question for moderate elementary students to develop character analysis through a short story. Make the expected response possible using text only.,96
language-arts,written expression,Create a true-or-false question with a brief explanation for slightly challenging elementary students to develop written expression through a fable. Use a familiar real-life context and add a short hint.,97
language-arts,reading comprehension,Create a fill-in-the-blank question for beginner elementary students to develop reading comprehension through a sequence of pictures. Keep the question under 50 words and provide the answer.,98
language-arts,reading comprehension,Create a two-part question for easy elementary students to develop reading comprehension through a short story. Use a familiar real-life context and add a short hint.,99
language-arts,reading comprehension,Create a short-answer question for moderate elementary students to develop reading comprehension through a school event. Use age-appropriate language and explain the answer briefly.,100
language-arts,vocabulary in context,Create a fill-in-the-blank question for easy elementary students to develop vocabulary in context through a classroom dialogue. Make the expected response possible using text only.,101
language-arts,reading comprehension,Create a two-part question for easy elementary students to develop reading comprehension through a character's actions. Avoid technical vocabulary and include a brief answer key.,102
language-arts,written expression,Create a short-answer question for slightly challenging elementary students to develop written expression through a character's actions. Make the expected response possible using text only.,103
language-arts,written expression,Create a two-part question for slightly challenging elementary students to develop written expression through a character's actions. Ask only one main idea and include the correct answer.,104
language-arts,vocabulary in context,Create a fill-in-the-blank question for slightly challenging elementary students to develop vocabulary in context through a school event. Make the instructions direct and easy for a teacher to use.,105
language-arts,main idea,Create a short-answer question for beginner elementary students to develop main idea through a fable. Use clear vocabulary and include the correct answer.,106
language-arts,reading comprehension,Create a comparison question for slightly challenging elementary students to develop reading comprehension through a school event. Use a familiar real-life context and add a short hint.,107
language-arts,sequence of events,Create a question that asks the student to explain their reasoning for easy elementary students to develop sequence of events through a poem. Ask only one main idea and include the correct answer.,108
language-arts,sequence of events,Create a simple scenario-based question for easy elementary students to develop sequence of events through a poem. Make the expected response possible using text only.,109
language-arts,character analysis,Create a comparison question for beginner elementary students to develop character analysis through a sequence of pictures. Make the expected response possible using text only.,110
language-arts,written expression,Create a two-part question for moderate elementary students to develop written expression through a school event. Make the instructions direct and easy for a teacher to use.,111
language-arts,written expression,Create a fill-in-the-blank question for beginner elementary students to develop written expression through a fable. Make the instructions direct and easy for a teacher to use.,112
language-arts,reading comprehension,Create a question that asks the student to explain their reasoning for moderate elementary students to develop reading comprehension through a fable. Use clear vocabulary and include the correct answer.,113
language-arts,sequence of events,Create a short-answer question for slightly challenging elementary students to develop sequence of events through a sequence of pictures. Keep the question under 50 words and provide the answer.,114
language-arts,written expression,Create a true-or-false question with a brief explanation for beginner elementary students to develop written expression through a short informational text. Ask only one main idea and include the correct answer.,115
language-arts,reading comprehension,Create a multiple-choice question with four options for moderate elementary students to develop reading comprehension through a character's actions. Make the instructions direct and easy for a teacher to use.,116
language-arts,sequence of events,Create a true-or-false question with a brief explanation for moderate elementary students to develop sequence of events through a classroom dialogue. Keep the question under 50 words and provide the answer.,117
language-arts,sequence of events,Create a true-or-false question with a brief explanation for moderate elementary students to develop sequence of events through a sequence of pictures. Make the instructions direct and easy for a teacher to use.,118
language-arts,character analysis,Create a short-answer question for beginner elementary students to develop character analysis through a fable. Use age-appropriate language and explain the answer briefly.,119
language-arts,reading comprehension,Create a true-or-false question with a brief explanation for slightly challenging elementary students to develop reading comprehension through a character's actions. Use age-appropriate language and explain the answer briefly.,120
language-arts,vocabulary in context,Create a simple scenario-based question for slightly challenging elementary students to develop vocabulary in context through a short informational text. Ask only one main idea and include the correct answer.,121
language-arts,sequence of events,Create a short-answer question for beginner elementary students to develop sequence of events through a sequence of pictures. Make the expected response possible using text only.,122
language-arts,main idea,Create a multiple-choice question with four options for beginner elementary students to develop main idea through a poem. Ask only one main idea and include the correct answer.,123
language-arts,vocabulary in context,Create a comparison question for easy elementary students to develop vocabulary in context through a family story. Make the instructions direct and easy for a teacher to use.,124
language-arts,reading comprehension,Create a true-or-false question with a brief explanation for moderate elementary students to develop reading comprehension through a school event. Make the expected response possible using text only.,125
language-arts,character analysis,Create a simple scenario-based question for moderate elementary students to develop character analysis through a poem. Ask only one main idea and include the correct answer.,126
language-arts,written expression,Create a comparison question for moderate elementary students to develop written expression through a poem. Avoid technical vocabulary and include a brief answer key.,127
language-arts,sequence of events,Create a multiple-choice question with four options for moderate elementary students to develop sequence of events through a character's actions. Use clear vocabulary and include the correct answer.,128
language-arts,sequence of events,Create a question that asks the student to explain their reasoning for slightly challenging elementary students to develop sequence of events through a classroom dialogue. Make the expected response possible using text only.,129
language-arts,character analysis,Create a simple scenario-based question for slightly challenging elementary students to develop character analysis through a sequence of pictures. Make the instructions direct and easy for a teacher to use.,130
language-arts,main idea,Create a fill-in-the-blank question for slightly challenging elementary students to develop main idea through a family story. Ask only one main idea and include the correct answer.,131
language-arts,character analysis,Create a short-answer question for moderate elementary students to develop character analysis through a sequence of pictures. Use age-appropriate language and explain the answer briefly.,132
language-arts,reading comprehension,Create a comparison question for easy elementary students to develop reading comprehension through a short informational text. Avoid technical vocabulary and include a brief answer key.,133
language-arts,character analysis,Create a fill-in-the-blank question for beginner elementary students to develop character analysis through a poem. Make the instructions direct and easy for a teacher to use.,134
language-arts,sequence of events,Create a comparison question for beginner elementary students to develop sequence of events through a short story. Keep the question under 50 words and provide the answer.,135
language-arts,reading comprehension,Create a simple scenario-based question for easy elementary students to develop reading comprehension through a classroom dialogue. Make the instructions direct and easy for a teacher to use.,136
language-arts,reading comprehension,Create a short-answer question for easy elementary students to develop reading comprehension through a description of a place. Use a familiar real-life context and add a short hint.,137
language-arts,reading comprehension,Create a question that asks the student to explain their reasoning for beginner elementary students to develop reading comprehension through a fable. Ask only one main idea and include the correct answer.,138
language-arts,sequence of events,Create a comparison question for easy elementary students to develop sequence of events through a short story. Make the instructions direct and easy for a teacher to use.,139
language-arts,main idea,Create a two-part question for easy elementary students to develop main idea through a sequence of pictures. Avoid technical vocabulary and include a brief answer key.,140
language-arts,main idea,Create a multiple-choice question with four options for beginner elementary students to develop main idea through a fable. Use a familiar real-life context and add a short hint.,141
language-arts,character analysis,Create a fill-in-the-blank question for moderate elementary students to develop character analysis through a family story. Use a familiar real-life context and add a short hint.,142
language-arts,character analysis,Create a simple scenario-based question for easy elementary students to develop character analysis through a family story. Make the expected response possible using text only.,143
language-arts,reading comprehension,Create a short-answer question for easy elementary students to develop reading comprehension through a school event. Make the instructions direct and easy for a teacher to use.,144
language-arts,main idea,Create a two-part question for moderate elementary students to develop main idea through a short informational text. Ask only one main idea and include the correct answer.,145
language-arts,character analysis,Create a question that asks the student to explain their reasoning for easy elementary students to develop character analysis through a classroom dialogue. Avoid technical vocabulary and include a brief answer key.,146
language-arts,vocabulary in context,Create a short-answer question for beginner elementary students to develop vocabulary in context through a school event. Make the instructions direct and easy for a teacher to use.,147
language-arts,vocabulary in context,Create a true-or-false question with a brief explanation for beginner elementary students to develop vocabulary in context through a sequence of pictures. Keep the question under 50 words and provide the answer.,148
language-arts,sequence of events,Create a fill-in-the-blank question for slightly challenging elementary students to develop sequence of events through a short story. Make the expected response possible using text only.,149
language-arts,character analysis,Create a true-or-false question with a brief explanation for slightly challenging elementary students to develop character analysis through a fable. Make the expected response possible using text only.,150
language-arts,sequence of events,Create a simple scenario-based question for beginner elementary students to develop sequence of events through a fable. Use a familiar real-life context and add a short hint.,151
language-arts,sequence of events,Create a true-or-false question with a brief explanation for slightly challenging elementary students to develop sequence of events through a school event. Use age-appropriate language and explain the answer briefly.,152
language-arts,main idea,Create a short-answer question for moderate elementary students to develop main idea through a classroom dialogue. Use age-appropriate language and explain the answer briefly.,153
language-arts,written expression,Create a two-part question for slightly challenging elementary students to develop written expression through a school event. Use clear vocabulary and include the correct answer.,154
language-arts,vocabulary in context,Create a comparison question for slightly challenging elementary students to develop vocabulary in context through a family story. Ask only one main idea and include the correct answer.,155
language-arts,main idea,Create a comparison question for beginner elementary students to develop main idea through a family story. Make the expected response possible using text only.,156
language-arts,sequence of events,Create a fill-in-the-blank question for beginner elementary students to develop sequence of events through a family story. Avoid technical vocabulary and include a brief answer key.,157
language-arts,written expression,Create a fill-in-the-blank question for slightly challenging elementary students to develop written expression through a classroom dialogue. Avoid technical vocabulary and include a brief answer key.,158
language-arts,reading comprehension,Create a two-part question for beginner elementary students to develop reading comprehension through a family story. Use age-appropriate language and explain the answer briefly.,159
social-studies,maps and location,Create a fill-in-the-blank question for slightly challenging elementary students to develop maps and location through transportation. Keep the question under 50 words and provide the answer.,160
social-studies,historical sequence,Create a question that asks the student to explain their reasoning for beginner elementary students to develop historical sequence through natural and human-made landmarks. Use age-appropriate language and explain the answer briefly.,161
social-studies,comparison of societies,Create a question that asks the student to explain their reasoning for slightly challenging elementary students to develop comparison of societies through rules and responsibilities. Use age-appropriate language and explain the answer briefly.,162
social-studies,maps and location,Create a two-part question for easy elementary students to develop maps and location through family traditions. Avoid technical vocabulary and include a brief answer key.,163
social-studies,citizenship,Create a short-answer question for easy elementary students to develop citizenship through transportation. Use a familiar real-life context and add a short hint.,164
social-studies,comparison of societies,Create a true-or-false question with a brief explanation for easy elementary students to develop comparison of societies through important historical events. Use age-appropriate language and explain the answer briefly.,165
social-studies,citizenship,Create a fill-in-the-blank question for moderate elementary students to develop citizenship through the local community. Keep the question under 50 words and provide the answer.,166
social-studies,community roles,Create a comparison question for beginner elementary students to develop community roles through a neighborhood map. Use age-appropriate language and explain the answer briefly.,167
social-studies,community roles,Create a two-part question for beginner elementary students to develop community roles through natural and human-made landmarks. Use clear vocabulary and include the correct answer.,168
social-studies,community roles,Create a multiple-choice question with four options for beginner elementary students to develop community roles through rules and responsibilities. Avoid technical vocabulary and include a brief answer key.,169
social-studies,maps and location,Create a simple scenario-based question for beginner elementary students to develop maps and location through the local community. Use a familiar real-life context and add a short hint.,170
social-studies,citizenship,Create a multiple-choice question with four options for easy elementary students to develop citizenship through transportation. Make the expected response possible using text only.,171
social-studies,maps and location,Create a fill-in-the-blank question for moderate elementary students to develop maps and location through community helpers. Use clear vocabulary and include the correct answer.,172
social-studies,comparison of societies,Create a comparison question for easy elementary students to develop comparison of societies through rural and urban areas. Use clear vocabulary and include the correct answer.,173
social-studies,community roles,Create a comparison question for easy elementary students to develop community roles through important historical events. Use a familiar real-life context and add a short hint.,174
social-studies,citizenship,Create a two-part question for beginner elementary students to develop citizenship through local celebrations. Use age-appropriate language and explain the answer briefly.,175
social-studies,comparison of societies,Create a comparison question for slightly challenging elementary students to develop comparison of societies through local celebrations. Keep the question under 50 words and provide the answer.,176
social-studies,comparison of societies,Create a fill-in-the-blank question for easy elementary students to develop comparison of societies through rural and urban areas. Use age-appropriate language and explain the answer briefly.,177
social-studies,citizenship,Create a true-or-false question with a brief explanation for moderate elementary students to develop citizenship through local celebrations. Use age-appropriate language and explain the answer briefly.,178
social-studies,citizenship,Create a true-or-false question with a brief explanation for slightly challenging elementary students to develop citizenship through family traditions. Use clear vocabulary and include the correct answer.,179
social-studies,maps and location,Create a comparison question for moderate elementary students to develop maps and location through the local community. Make the expected response possible using text only.,180
social-studies,comparison of societies,Create a two-part question for slightly challenging elementary students to develop comparison of societies through family traditions. Keep the question under 50 words and provide the answer.,181
social-studies,comparison of societies,Create a true-or-false question with a brief explanation for slightly challenging elementary students to develop comparison of societies through community helpers. Make the instructions direct and easy for a teacher to use.,182
social-studies,community roles,Create a two-part question for beginner elementary students to develop community roles through rural and urban areas. Ask only one main idea and include the correct answer.,183
social-studies,community roles,Create a multiple-choice question with four options for easy elementary students to develop community roles through important historical events. Use a familiar real-life context and add a short hint.,184
social-studies,citizenship,Create a true-or-false question with a brief explanation for moderate elementary students to develop citizenship through natural and human-made landmarks. Use clear vocabulary and include the correct answer.,185
social-studies,citizenship,Create a two-part question for slightly challenging elementary students to develop citizenship through rural and urban areas. Avoid technical vocabulary and include a brief answer key.,186
social-studies,maps and location,Create a multiple-choice question with four options for beginner elementary students to develop maps and location through transportation. Use clear vocabulary and include the correct answer.,187
social-studies,maps and location,Create a multiple-choice question with four options for easy elementary students to develop maps and location through rules and responsibilities. Avoid technical vocabulary and include a brief answer key.,188
social-studies,maps and location,Create a short-answer question for easy elementary students to develop maps and location through natural and human-made landmarks. Use clear vocabulary and include the correct answer.,189
social-studies,citizenship,Create a comparison question for slightly challenging elementary students to develop citizenship through rural and urban areas. Make the expected response possible using text only.,190
social-studies,community roles,Create a comparison question for beginner elementary students to develop community roles through important historical events. Make the expected response possible using text only.,191
social-studies,historical sequence,Create a fill-in-the-blank question for slightly challenging elementary students to develop historical sequence through family traditions. Ask only one main idea and include the correct answer.,192
social-studies,historical sequence,Create a simple scenario-based question for beginner elementary students to develop historical sequence through local celebrations. Use age-appropriate language and explain the answer briefly.,193
social-studies,maps and location,Create a multiple-choice question with four options for beginner elementary students to develop maps and location through important historical events. Use age-appropriate language and explain the answer briefly.,194
social-studies,cultural diversity,Create a multiple-choice question with four options for easy elementary students to develop cultural diversity through rules and responsibilities. Use clear vocabulary and include the correct answer.,195
social-studies,maps and location,Create a simple scenario-based question for easy elementary students to develop maps and location through a neighborhood map. Make the expected response possible using text only.,196
social-studies,historical sequence,Create a fill-in-the-blank question for slightly challenging elementary students to develop historical sequence through transportation. Use clear vocabulary and include the correct answer.,197
social-studies,citizenship,Create a two-part question for easy elementary students to develop citizenship through the local community. Make the instructions direct and easy for a teacher to use.,198
social-studies,comparison of societies,Create a true-or-false question with a brief explanation for moderate elementary students to develop comparison of societies through rural and urban areas. Ask only one main idea and include the correct answer.,199
social-studies,maps and location,Create a multiple-choice question with four options for easy elementary students to develop maps and location through rural and urban areas. Keep the question under 50 words and provide the answer.,200
social-studies,comparison of societies,Create a true-or-false question with a brief explanation for easy elementary students to develop comparison of societies through community helpers. Make the instructions direct and easy for a teacher to use.,201
social-studies,community roles,Create a question that asks the student to explain their reasoning for moderate elementary students to develop community roles through rural and urban areas. Use a familiar real-life context and add a short hint.,202
social-studies,cultural diversity,Create a true-or-false question with a brief explanation for easy elementary students to develop cultural diversity through rules and responsibilities. Make the expected response possible using text only.,203
social-studies,historical sequence,Create a simple scenario-based question for moderate elementary students to develop historical sequence through important historical events. Use a familiar real-life context and add a short hint.,204
social-studies,historical sequence,Create a comparison question for moderate elementary students to develop historical sequence through rural and urban areas. Ask only one main idea and include the correct answer.,205
social-studies,maps and location,Create a multiple-choice question with four options for moderate elementary students to develop maps and location through transportation. Make the expected response possible using text only.,206
social-studies,historical sequence,Create a true-or-false question with a brief explanation for slightly challenging elementary students to develop historical sequence through a neighborhood map. Make the expected response possible using text only.,207
social-studies,maps and location,Create a true-or-false question with a brief explanation for beginner elementary students to develop maps and location through important historical events. Use a familiar real-life context and add a short hint.,208
social-studies,comparison of societies,Create a simple scenario-based question for slightly challenging elementary students to develop comparison of societies through community helpers. Use age-appropriate language and explain the answer briefly.,209
social-studies,citizenship,Create a two-part question for easy elementary students to develop citizenship through rules and responsibilities. Avoid technical vocabulary and include a brief answer key.,210
social-studies,cultural diversity,Create a simple scenario-based question for moderate elementary students to develop cultural diversity through community helpers. Ask only one main idea and include the correct answer.,211
social-studies,comparison of societies,Create a two-part question for beginner elementary students to develop comparison of societies through natural and human-made landmarks. Avoid technical vocabulary and include a brief answer key.,212
social-studies,maps and location,Create a fill-in-the-blank question for slightly challenging elementary students to develop maps and location through rural and urban areas. Use clear vocabulary and include the correct answer.,213
social-studies,maps and location,Create a true-or-false question with a brief explanation for beginner elementary students to develop maps and location through natural and human-made landmarks. Keep the question under 50 words and provide the answer.,214
social-studies,community roles,Create a fill-in-the-blank question for easy elementary students to develop community roles through important historical events. Use age-appropriate language and explain the answer briefly.,215
social-studies,comparison of societies,Create a simple scenario-based question for moderate elementary students to develop comparison of societies through important historical events. Avoid technical vocabulary and include a brief answer key.,216
social-studies,historical sequence,Create a question that asks the student to explain their reasoning for beginner elementary students to develop historical sequence through rural and urban areas. Use clear vocabulary and include the correct answer.,217
social-studies,historical sequence,Create a fill-in-the-blank question for easy elementary students to develop historical sequence through transportation. Make the instructions direct and easy for a teacher to use.,218
social-studies,maps and location,Create a simple scenario-based question for moderate elementary students to develop maps and location through transportation. Make the expected response possible using text only.,219
social-studies,comparison of societies,Create a short-answer question for slightly challenging elementary students to develop comparison of societies through rules and responsibilities. Keep the question under 50 words and provide the answer.,220
social-studies,cultural diversity,Create a question that asks the student to explain their reasoning for slightly challenging elementary students to develop cultural diversity through community helpers. Make the instructions direct and easy for a teacher to use.,221
social-studies,citizenship,Create a fill-in-the-blank question for slightly challenging elementary students to develop citizenship through transportation. Use a familiar real-life context and add a short hint.,222
social-studies,maps and location,Create a fill-in-the-blank question for slightly challenging elementary students to develop maps and location through natural and human-made landmarks. Ask only one main idea and include the correct answer.,223
social-studies,historical sequence,Create a question that asks the student to explain their reasoning for beginner elementary students to develop historical sequence through rules and responsibilities. Ask only one main idea and include the correct answer.,224
social-studies,historical sequence,Create a question that asks the student to explain their reasoning for easy elementary students to develop historical sequence through rural and urban areas. Make the instructions direct and easy for a teacher to use.,225
social-studies,community roles,Create a fill-in-the-blank question for easy elementary students to develop community roles through rules and responsibilities. Use clear vocabulary and include the correct answer.,226
social-studies,historical sequence,Create a true-or-false question with a brief explanation for moderate elementary students to develop historical sequence through a neighborhood map. Make the expected response possible using text only.,227
social-studies,maps and location,Create a comparison question for easy elementary students to develop maps and location through rules and responsibilities. Make the instructions direct and easy for a teacher to use.,228
social-studies,community roles,Create a fill-in-the-blank question for slightly challenging elementary students to develop community roles through a neighborhood map. Keep the question under 50 words and provide the answer.,229
social-studies,community roles,Create a true-or-false question with a brief explanation for easy elementary students to develop community roles through important historical events. Use age-appropriate language and explain the answer briefly.,230
social-studies,comparison of societies,Create a multiple-choice question with four options for beginner elementary students to develop comparison of societies through natural and human-made landmarks. Use age-appropriate language and explain the answer briefly.,231
social-studies,comparison of societies,Create a multiple-choice question with four options for easy elementary students to develop comparison of societies through transportation. Use a familiar real-life context and add a short hint.,232
social-studies,citizenship,Create a two-part question for moderate elementary students to develop citizenship through important historical events. Use age-appropriate language and explain the answer briefly.,233
social-studies,maps and location,Create a multiple-choice question with four options for moderate elementary students to develop maps and location through family traditions. Use a familiar real-life context and add a short hint.,234
social-studies,maps and location,Create a short-answer question for moderate elementary students to develop maps and location through important historical events. Ask only one main idea and include the correct answer.,235
social-studies,maps and location,Create a multiple-choice question with four options for beginner elementary students to develop maps and location through a neighborhood map. Use age-appropriate language and explain the answer briefly.,236
social-studies,community roles,Create a comparison question for slightly challenging elementary students to develop community roles through the local community. Use a familiar real-life context and add a short hint.,237
social-studies,community roles,Create a true-or-false question with a brief explanation for slightly challenging elementary students to develop community roles through community helpers. Use age-appropriate language and explain the answer briefly.,238
social-studies,citizenship,Create a short-answer question for slightly challenging elementary students to develop citizenship through a neighborhood map. Use clear vocabulary and include the correct answer.,239
english-language-learning,sentence formation,Create a two-part question for slightly challenging elementary students to develop sentence formation through animals. Make the expected response possible using text only.,240
english-language-learning,everyday communication,Create a short-answer question for moderate elementary students to develop everyday communication through food. Keep the question under 50 words and provide the answer.,241
english-language-learning,everyday communication,Create a comparison question for beginner elementary students to develop everyday communication through weather. Use age-appropriate language and explain the answer briefly.,242
english-language-learning,describing people and places,Create a multiple-choice question with four options for easy elementary students to develop describing people and places through clothing. Ask only one main idea and include the correct answer.,243
english-language-learning,everyday communication,Create a question that asks the student to explain their reasoning for easy elementary students to develop everyday communication through food. Avoid technical vocabulary and include a brief answer key.,244
english-language-learning,sentence formation,Create a fill-in-the-blank question for easy elementary students to develop sentence formation through classroom objects. Avoid technical vocabulary and include a brief answer key.,245
english-language-learning,sentence formation,Create a simple scenario-based question for slightly challenging elementary students to develop sentence formation through animals. Use clear vocabulary and include the correct answer.,246
english-language-learning,basic vocabulary,Create a fill-in-the-blank question for beginner elementary students to develop basic vocabulary through food. Ask only one main idea and include the correct answer.,247
english-language-learning,sentence formation,Create a fill-in-the-blank question for moderate elementary students to develop sentence formation through school activities. Make the expected response possible using text only.,248
english-language-learning,question words,Create a question that asks the student to explain their reasoning for slightly challenging elementary students to develop question words through classroom objects. Keep the question under 50 words and provide the answer.,249
english-language-learning,reading comprehension,Create a question that asks the student to explain their reasoning for beginner elementary students to develop reading comprehension through classroom objects. Use clear vocabulary and include the correct answer.,250
english-language-learning,describing people and places,Create a true-or-false question with a brief explanation for easy elementary students to develop describing people and places through weather. Use age-appropriate language and explain the answer briefly.,251
english-language-learning,basic vocabulary,Create a short-answer question for beginner elementary students to develop basic vocabulary through school activities. Use clear vocabulary and include the correct answer.,252
english-language-learning,sentence formation,Create a short-answer question for easy elementary students to develop sentence formation through animals. Keep the question under 50 words and provide the answer.,253
english-language-learning,question words,Create a question that asks the student to explain their reasoning for moderate elementary students to develop question words through places in town. Use a familiar real-life context and add a short hint.,254
english-language-learning,sentence formation,Create a short-answer question for easy elementary students to develop sentence formation through classroom objects. Keep the question under 50 words and provide the answer.,255
english-language-learning,reading comprehension,Create a comparison question for beginner elementary students to develop reading comprehension through daily routines. Use a familiar real-life context and add a short hint.,256
english-language-learning,reading comprehension,Create a comparison question for moderate elementary students to develop reading comprehension through places in town. Avoid technical vocabulary and include a brief answer key.,257
english-language-learning,sentence formation,Create a true-or-false question with a brief explanation for beginner elementary students to develop sentence formation through animals. Use a familiar real-life context and add a short hint.,258
english-language-learning,describing people and places,Create a multiple-choice question with four options for slightly challenging elementary students to develop describing people and places through clothing. Make the expected response possible using text only.,259
english-language-learning,everyday communication,Create a multiple-choice question with four options for moderate elementary students to develop everyday communication through places in town. Use a familiar real-life context and add a short hint.,260
english-language-learning,everyday communication,Create a question that asks the student to explain their reasoning for beginner elementary students to develop everyday communication through animals. Use age-appropriate language and explain the answer briefly.,261
english-language-learning,reading comprehension,Create a simple scenario-based question for easy elementary students to develop reading comprehension through classroom objects. Make the instructions direct and easy for a teacher to use.,262
english-language-learning,everyday communication,Create a true-or-false question with a brief explanation for slightly challenging elementary students to develop everyday communication through daily routines. Avoid technical vocabulary and include a brief answer key.,263
english-language-learning,describing people and places,Create a two-part question for easy elementary students to develop describing people and places through daily routines. Avoid technical vocabulary and include a brief answer key.,264
english-language-learning,sentence formation,Create a question that asks the student to explain their reasoning for beginner elementary students to develop sentence formation through weather. Use age-appropriate language and explain the answer briefly.,265
english-language-learning,everyday communication,Create a question that asks the student to explain their reasoning for slightly challenging elementary students to develop everyday communication through daily routines. Use clear vocabulary and include the correct answer.,266
english-language-learning,sentence formation,Create a fill-in-the-blank question for slightly challenging elementary students to develop sentence formation through food. Use clear vocabulary and include the correct answer.,267
english-language-learning,question words,Create a comparison question for easy elementary students to develop question words through food. Make the instructions direct and easy for a teacher to use.,268
english-language-learning,sentence formation,Create a question that asks the student to explain their reasoning for moderate elementary students to develop sentence formation through weather. Make the instructions direct and easy for a teacher to use.,269
english-language-learning,reading comprehension,Create a two-part question for moderate elementary students to develop reading comprehension through classroom objects. Use age-appropriate language and explain the answer briefly.,270
english-language-learning,basic vocabulary,Create a two-part question for beginner elementary students to develop basic vocabulary through family members. Avoid technical vocabulary and include a brief answer key.,271
english-language-learning,reading comprehension,Create a short-answer question for slightly challenging elementary students to develop reading comprehension through daily routines. Use clear vocabulary and include the correct answer.,272
english-language-learning,everyday communication,Create a two-part question for easy elementary students to develop everyday communication through classroom objects. Make the expected response possible using text only.,273
english-language-learning,sentence formation,Create a question that asks the student to explain their reasoning for moderate elementary students to develop sentence formation through family members. Keep the question under 50 words and provide the answer.,274
english-language-learning,reading comprehension,Create a true-or-false question with a brief explanation for moderate elementary students to develop reading comprehension through daily routines. Make the instructions direct and easy for a teacher to use.,275
english-language-learning,sentence formation,Create a two-part question for slightly challenging elementary students to develop sentence formation through clothing. Make the expected response possible using text only.,276
english-language-learning,reading comprehension,Create a simple scenario-based question for moderate elementary students to develop reading comprehension through food. Keep the question under 50 words and provide the answer.,277
english-language-learning,question words,Create a short-answer question for moderate elementary students to develop question words through school activities. Use clear vocabulary and include the correct answer.,278
english-language-learning,basic vocabulary,Create a simple scenario-based question for beginner elementary students to develop basic vocabulary through animals. Avoid technical vocabulary and include a brief answer key.,279
english-language-learning,question words,Create a short-answer question for easy elementary students to develop question words through food. Avoid technical vocabulary and include a brief answer key.,280
english-language-learning,reading comprehension,Create a fill-in-the-blank question for moderate elementary students to develop reading comprehension through clothing. Use age-appropriate language and explain the answer briefly.,281
english-language-learning,question words,Create a question that asks the student to explain their reasoning for moderate elementary students to develop question words through clothing. Make the expected response possible using text only.,282
english-language-learning,sentence formation,Create a comparison question for easy elementary students to develop sentence formation through daily routines. Ask only one main idea and include the correct answer.,283
english-language-learning,everyday communication,Create a true-or-false question with a brief explanation for easy elementary students to develop everyday communication through food. Ask only one main idea and include the correct answer.,284
english-language-learning,describing people and places,Create a multiple-choice question with four options for easy elementary students to develop describing people and places through animals. Ask only one main idea and include the correct answer.,285
english-language-learning,describing people and places,Create a fill-in-the-blank question for beginner elementary students to develop describing people and places through family members. Make the expected response possible using text only.,286
english-language-learning,basic vocabulary,Create a fill-in-the-blank question for beginner elementary students to develop basic vocabulary through places in town. Use clear vocabulary and include the correct answer.,287
english-language-learning,basic vocabulary,Create a short-answer question for easy elementary students to develop basic vocabulary through places in town. Make the instructions direct and easy for a teacher to use.,288
english-language-learning,basic vocabulary,Create a short-answer question for moderate elementary students to develop basic vocabulary through clothing. Make the expected response possible using text only.,289
english-language-learning,sentence formation,Create a question that asks the student to explain their reasoning for easy elementary students to develop sentence formation through animals. Use a familiar real-life context and add a short hint.,290
english-language-learning,describing people and places,Create a true-or-false question with a brief explanation for easy elementary students to develop describing people and places through family members. Use age-appropriate language and explain the answer briefly.,291
english-language-learning,sentence formation,Create a question that asks the student to explain their reasoning for slightly challenging elementary students to develop sentence formation through weather. Make the instructions direct and easy for a teacher to use.,292
english-language-learning,sentence formation,Create a multiple-choice question with four options for slightly challenging elementary students to develop sentence formation through clothing. Keep the question under 50 words and provide the answer.,293
english-language-learning,reading comprehension,Create a multiple-choice question with four options for easy elementary students to develop reading comprehension through feelings. Make the expected response possible using text only.,294
english-language-learning,question words,Create a short-answer question for moderate elementary students to develop question words through places in town. Make the expected response possible using text only.,295
english-language-learning,describing people and places,Create a two-part question for slightly challenging elementary students to develop describing people and places through feelings. Use age-appropriate language and explain the answer briefly.,296
english-language-learning,sentence formation,Create a fill-in-the-blank question for slightly challenging elementary students to develop sentence formation through food. Use a familiar real-life context and add a short hint.,297
english-language-learning,reading comprehension,Create a comparison question for easy elementary students to develop reading comprehension through daily routines. Make the expected response possible using text only.,298
english-language-learning,basic vocabulary,Create a fill-in-the-blank question for easy elementary students to develop basic vocabulary through daily routines. Use clear vocabulary and include the correct answer.,299
english-language-learning,describing people and places,Create a two-part question for moderate elementary students to develop describing people and places through clothing. Use age-appropriate language and explain the answer briefly.,300
english-language-learning,everyday communication,Create a comparison question for slightly challenging elementary students to develop everyday communication through food. Use a familiar real-life context and add a short hint.,301
english-language-learning,basic vocabulary,Create a fill-in-the-blank question for moderate elementary students to develop basic vocabulary through clothing. Avoid technical vocabulary and include a brief answer key.,302
english-language-learning,describing people and places,Create a fill-in-the-blank question for easy elementary students to develop describing people and places through animals. Avoid technical vocabulary and include a brief answer key.,303
english-language-learning,everyday communication,Create a simple scenario-based question for moderate elementary students to develop everyday communication through animals. Make the expected response possible using text only.,304
english-language-learning,reading comprehension,Create a multiple-choice question with four options for moderate elementary students to develop reading comprehension through weather. Ask only one main idea and include the correct answer.,305
english-language-learning,question words,Create a multiple-choice question with four options for beginner elementary students to develop question words through clothing. Use clear vocabulary and include the correct answer.,306
english-language-learning,describing people and places,Create a comparison question for slightly challenging elementary students to develop describing people and places through clothing. Avoid technical vocabulary and include a brief answer key.,307
english-language-learning,sentence formation,Create a true-or-false question with a brief explanation for easy elementary students to develop sentence formation through school activities. Use age-appropriate language and explain the answer briefly.,308
english-language-learning,question words,Create a short-answer question for easy elementary students to develop question words through classroom objects. Make the expected response possible using text only.,309
english-language-learning,reading comprehension,Create a short-answer question for beginner elementary students to develop reading comprehension through family members. Make the instructions direct and easy for a teacher to use.,310
english-language-learning,question words,Create a short-answer question for slightly challenging elementary students to develop question words through places in town. Use clear vocabulary and include the correct answer.,311
english-language-learning,describing people and places,Create a question that asks the student to explain their reasoning for moderate elementary students to develop describing people and places through classroom objects. Use a familiar real-life context and add a short hint.,312
english-language-learning,question words,Create a short-answer question for slightly challenging elementary students to develop question words through clothing. Use clear vocabulary and include the correct answer.,313
english-language-learning,basic vocabulary,Create a question that asks the student to explain their reasoning for slightly challenging elementary students to develop basic vocabulary through school activities. Use a familiar real-life context and add a short hint.,314
english-language-learning,basic vocabulary,Create a two-part question for moderate elementary students to develop basic vocabulary through food. Avoid technical vocabulary and include a brief answer key.,315
english-language-learning,describing people and places,Create a comparison question for beginner elementary students to develop describing people and places through school activities. Make the instructions direct and easy for a teacher to use.,316
english-language-learning,basic vocabulary,Create a true-or-false question with a brief explanation for slightly challenging elementary students to develop basic vocabulary through food. Make the instructions direct and easy for a teacher to use.,317
english-language-learning,describing people and places,Create a short-answer question for slightly challenging elementary students to develop describing people and places through animals. Avoid technical vocabulary and include a brief answer key.,318
english-language-learning,basic vocabulary,Create a comparison question for slightly challenging elementary students to develop basic vocabulary through classroom objects. Use a familiar real-life context and add a short hint.,319
health-and-physical-education,healthy habits,Create a question that asks the student to explain their reasoning for slightly challenging elementary students to develop healthy habits through personal boundaries. Use a familiar real-life context and add a short hint.,320
health-and-physical-education,safety,Create a two-part question for easy elementary students to develop safety through exercise. Avoid technical vocabulary and include a brief answer key.,321
health-and-physical-education,physical activity,Create a true-or-false question with a brief explanation for moderate elementary students to develop physical activity through personal boundaries. Use clear vocabulary and include the correct answer.,322
health-and-physical-education,safety,Create a simple scenario-based question for easy elementary students to develop safety through exercise. Use a familiar real-life context and add a short hint.,323
health-and-physical-education,nutrition,Create a comparison question for beginner elementary students to develop nutrition through hydration. Avoid technical vocabulary and include a brief answer key.,324
health-and-physical-education,nutrition,Create a comparison question for easy elementary students to develop nutrition through emotions. Use clear vocabulary and include the correct answer.,325
health-and-physical-education,healthy habits,Create a fill-in-the-blank question for moderate elementary students to develop healthy habits through personal boundaries. Use clear vocabulary and include the correct answer.,326
health-and-physical-education,nutrition,Create a fill-in-the-blank question for moderate elementary students to develop nutrition through road safety. Keep the question under 50 words and provide the answer.,327
health-and-physical-education,safety,Create a question that asks the student to explain their reasoning for slightly challenging elementary students to develop safety through hydration. Use age-appropriate language and explain the answer briefly.,328
health-and-physical-education,nutrition,Create a true-or-false question with a brief explanation for easy elementary students to develop nutrition through handwashing. Make the expected response possible using text only.,329
health-and-physical-education,safety,Create a true-or-false question with a brief explanation for beginner elementary students to develop safety through handwashing. Avoid technical vocabulary and include a brief answer key.,330
health-and-physical-education,emotional awareness,Create a two-part question for easy elementary students to develop emotional awareness through emotions. Avoid technical vocabulary and include a brief answer key.,331
health-and-physical-education,healthy habits,Create a short-answer question for moderate elementary students to develop healthy habits through posture. Keep the question under 50 words and provide the answer.,332
health-and-physical-education,physical activity,Create a simple scenario-based question for slightly challenging elementary students to develop physical activity through hydration. Use clear vocabulary and include the correct answer.,333
health-and-physical-education,emotional awareness,Create a comparison question for moderate elementary students to develop emotional awareness through sleep routines. Avoid technical vocabulary and include a brief answer key.,334
health-and-physical-education,healthy habits,Create a simple scenario-based question for easy elementary students to develop healthy habits through emotions. Use a familiar real-life context and add a short hint.,335
health-and-physical-education,personal hygiene,Create a comparison question for beginner elementary students to develop personal hygiene through handwashing. Ask only one main idea and include the correct answer.,336
health-and-physical-education,emotional awareness,Create a simple scenario-based question for easy elementary students to develop emotional awareness through handwashing. Use a familiar real-life context and add a short hint.,337
health-and-physical-education,nutrition,Create a question that asks the student to explain their reasoning for beginner elementary students to develop nutrition through personal boundaries. Use a familiar real-life context and add a short hint.,338
health-and-physical-education,nutrition,Create a comparison question for beginner elementary students to develop nutrition through road safety. Avoid technical vocabulary and include a brief answer key.,339
health-and-physical-education,safety,Create a true-or-false question with a brief explanation for moderate elementary students to develop safety through exercise. Keep the question under 50 words and provide the answer.,340
health-and-physical-education,emotional awareness,Create a multiple-choice question with four options for easy elementary students to develop emotional awareness through hydration. Make the expected response possible using text only.,341
health-and-physical-education,safety,Create a question that asks the student to explain their reasoning for slightly challenging elementary students to develop safety through personal boundaries. Use age-appropriate language and explain the answer briefly.,342
health-and-physical-education,nutrition,Create a fill-in-the-blank question for slightly challenging elementary students to develop nutrition through exercise. Make the instructions direct and easy for a teacher to use.,343
health-and-physical-education,safety,Create a comparison question for beginner elementary students to develop safety through balanced meals. Use a familiar real-life context and add a short hint.,344
health-and-physical-education,safety,Create a multiple-choice question with four options for slightly challenging elementary students to develop safety through emotions. Avoid technical vocabulary and include a brief answer key.,345
health-and-physical-education,physical activity,Create a question that asks the student to explain their reasoning for slightly challenging elementary students to develop physical activity through emotions. Ask only one main idea and include the correct answer.,346
health-and-physical-education,healthy habits,Create a true-or-false question with a brief explanation for moderate elementary students to develop healthy habits through balanced meals. Use age-appropriate language and explain the answer briefly.,347
health-and-physical-education,healthy habits,Create a fill-in-the-blank question for beginner elementary students to develop healthy habits through handwashing. Make the expected response possible using text only.,348
health-and-physical-education,healthy habits,Create a short-answer question for moderate elementary students to develop healthy habits through sleep routines. Use clear vocabulary and include the correct answer.,349
health-and-physical-education,emotional awareness,Create a multiple-choice question with four options for beginner elementary students to develop emotional awareness through emotions. Make the expected response possible using text only.,350
health-and-physical-education,personal hygiene,Create a true-or-false question with a brief explanation for easy elementary students to develop personal hygiene through road safety. Make the instructions direct and easy for a teacher to use.,351
health-and-physical-education,emotional awareness,Create a simple scenario-based question for beginner elementary students to develop emotional awareness through exercise. Ask only one main idea and include the correct answer.,352
health-and-physical-education,healthy habits,Create a question that asks the student to explain their reasoning for easy elementary students to develop healthy habits through hydration. Use age-appropriate language and explain the answer briefly.,353
health-and-physical-education,emotional awareness,Create a simple scenario-based question for easy elementary students to develop emotional awareness through teamwork. Keep the question under 50 words and provide the answer.,354
health-and-physical-education,emotional awareness,Create a multiple-choice question with four options for beginner elementary students to develop emotional awareness through hydration. Make the instructions direct and easy for a teacher to use.,355
health-and-physical-education,nutrition,Create a multiple-choice question with four options for slightly challenging elementary students to develop nutrition through handwashing. Use age-appropriate language and explain the answer briefly.,356
health-and-physical-education,safety,Create a true-or-false question with a brief explanation for slightly challenging elementary students to develop safety through balanced meals. Use clear vocabulary and include the correct answer.,357
health-and-physical-education,healthy habits,Create a two-part question for moderate elementary students to develop healthy habits through handwashing. Use clear vocabulary and include the correct answer.,358
health-and-physical-education,personal hygiene,Create a short-answer question for moderate elementary students to develop personal hygiene through teamwork. Make the expected response possible using text only.,359
health-and-physical-education,healthy habits,Create a simple scenario-based question for easy elementary students to develop healthy habits through emotions. Use age-appropriate language and explain the answer briefly.,360
health-and-physical-education,physical activity,Create a short-answer question for easy elementary students to develop physical activity through posture. Use age-appropriate language and explain the answer briefly.,361
health-and-physical-education,personal hygiene,Create a simple scenario-based question for beginner elementary students to develop personal hygiene through hydration. Avoid technical vocabulary and include a brief answer key.,362
health-and-physical-education,physical activity,Create a question that asks the student to explain their reasoning for beginner elementary students to develop physical activity through emotions. Make the instructions direct and easy for a teacher to use.,363
health-and-physical-education,personal hygiene,Create a short-answer question for moderate elementary students to develop personal hygiene through road safety. Use clear vocabulary and include the correct answer.,364
health-and-physical-education,personal hygiene,Create a comparison question for beginner elementary students to develop personal hygiene through emotions. Make the instructions direct and easy for a teacher to use.,365
health-and-physical-education,physical activity,Create a two-part question for moderate elementary students to develop physical activity through exercise. Ask only one main idea and include the correct answer.,366
health-and-physical-education,safety,Create a question that asks the student to explain their reasoning for slightly challenging elementary students to develop safety through road safety. Use age-appropriate language and explain the answer briefly.,367
health-and-physical-education,healthy habits,Create a two-part question for beginner elementary students to develop healthy habits through sleep routines. Use clear vocabulary and include the correct answer.,368
health-and-physical-education,emotional awareness,Create a question that asks the student to explain their reasoning for slightly challenging elementary students to develop emotional awareness through balanced meals. Keep the question under 50 words and provide the answer.,369
health-and-physical-education,healthy habits,Create a short-answer question for moderate elementary students to develop healthy habits through handwashing. Use clear vocabulary and include the correct answer.,370
health-and-physical-education,emotional awareness,Create a comparison question for slightly challenging elementary students to develop emotional awareness through road safety. Ask only one main idea and include the correct answer.,371
health-and-physical-education,nutrition,Create a comparison question for slightly challenging elementary students to develop nutrition through hydration. Use age-appropriate language and explain the answer briefly.,372
health-and-physical-education,personal hygiene,Create a comparison question for moderate elementary students to develop personal hygiene through teamwork. Use age-appropriate language and explain the answer briefly.,373
health-and-physical-education,safety,Create a fill-in-the-blank question for slightly challenging elementary students to develop safety through sleep routines. Use clear vocabulary and include the correct answer.,374
health-and-physical-education,healthy habits,Create a question that asks the student to explain their reasoning for easy elementary students to develop healthy habits through personal boundaries. Ask only one main idea and include the correct answer.,375
health-and-physical-education,personal hygiene,Create a simple scenario-based question for beginner elementary students to develop personal hygiene through sleep routines. Use age-appropriate language and explain the answer briefly.,376
health-and-physical-education,nutrition,Create a simple scenario-based question for easy elementary students to develop nutrition through balanced meals. Use age-appropriate language and explain the answer briefly.,377
health-and-physical-education,physical activity,Create a short-answer question for beginner elementary students to develop physical activity through sleep routines. Use clear vocabulary and include the correct answer.,378
health-and-physical-education,physical activity,Create a two-part question for easy elementary students to develop physical activity through emotions. Ask only one main idea and include the correct answer.,379
health-and-physical-education,nutrition,Create a question that asks the student to explain their reasoning for beginner elementary students to develop nutrition through hydration. Use age-appropriate language and explain the answer briefly.,380
health-and-physical-education,physical activity,Create a question that asks the student to explain their reasoning for easy elementary students to develop physical activity through exercise. Use a familiar real-life context and add a short hint.,381
health-and-physical-education,physical activity,Create a multiple-choice question with four options for slightly challenging elementary students to develop physical activity through balanced meals. Make the instructions direct and easy for a teacher to use.,382
health-and-physical-education,healthy habits,Create a short-answer question for easy elementary students to develop healthy habits through personal boundaries. Make the instructions direct and easy for a teacher to use.,383
health-and-physical-education,emotional awareness,Create a two-part question for moderate elementary students to develop emotional awareness through emotions. Use clear vocabulary and include the correct answer.,384
health-and-physical-education,physical activity,Create a question that asks the student to explain their reasoning for moderate elementary students to develop physical activity through personal boundaries. Use a familiar real-life context and add a short hint.,385
health-and-physical-education,emotional awareness,Create a simple scenario-based question for slightly challenging elementary students to develop emotional awareness through personal boundaries. Make the instructions direct and easy for a teacher to use.,386
health-and-physical-education,emotional awareness,Create a comparison question for moderate elementary students to develop emotional awareness through posture. Make the instructions direct and easy for a teacher to use.,387
health-and-physical-education,nutrition,Create a question that asks the student to explain their reasoning for easy elementary students to develop nutrition through personal boundaries. Keep the question under 50 words and provide the answer.,388
health-and-physical-education,nutrition,Create a simple scenario-based question for slightly challenging elementary students to develop nutrition through exercise. Use a familiar real-life context and add a short hint.,389
health-and-physical-education,physical activity,Create a short-answer question for beginner elementary students to develop physical activity through teamwork. Use age-appropriate language and explain the answer briefly.,390
health-and-physical-education,physical activity,Create a multiple-choice question with four options for beginner elementary students to develop physical activity through road safety. Make the instructions direct and easy for a teacher to use.,391
health-and-physical-education,nutrition,Create a simple scenario-based question for easy elementary students to develop nutrition through sleep routines. Ask only one main idea and include the correct answer.,392
health-and-physical-education,safety,Create a fill-in-the-blank question for easy elementary students to develop safety through sleep routines. Make the instructions direct and easy for a teacher to use.,393
health-and-physical-education,emotional awareness,Create a simple scenario-based question for moderate elementary students to develop emotional awareness through balanced meals. Make the expected response possible using text only.,394
health-and-physical-education,emotional awareness,Create a short-answer question for easy elementary students to develop emotional awareness through road safety. Use age-appropriate language and explain the answer briefly.,395
health-and-physical-education,personal hygiene,Create a simple scenario-based question for moderate elementary students to develop personal hygiene through hydration. Keep the question under 50 words and provide the answer.,396
health-and-physical-education,nutrition,Create a comparison question for moderate elementary students to develop nutrition through emotions. Make the expected response possible using text only.,397
health-and-physical-education,physical activity,Create a two-part question for slightly challenging elementary students to develop physical activity through sleep routines. Ask only one main idea and include the correct answer.,398
health-and-physical-education,physical activity,Create a fill-in-the-blank question for slightly challenging elementary students to develop physical activity through exercise. Make the instructions direct and easy for a teacher to use.,399
arts-and-music,sound comparison,Create a true-or-false question with a brief explanation for moderate elementary students to develop sound comparison through patterns. Avoid technical vocabulary and include a brief answer key.,400
arts-and-music,creative expression,Create a two-part question for moderate elementary students to develop creative expression through patterns. Ask only one main idea and include the correct answer.,401
arts-and-music,sound comparison,Create a comparison question for moderate elementary students to develop sound comparison through patterns. Make the instructions direct and easy for a teacher to use.,402
arts-and-music,rhythm recognition,Create a simple scenario-based question for easy elementary students to develop rhythm recognition through a classroom art project. Make the expected response possible using text only.,403
arts-and-music,color and shape recognition,Create a true-or-false question with a brief explanation for beginner elementary students to develop color and shape recognition through a classroom art project. Use age-appropriate language and explain the answer briefly.,404
arts-and-music,creative expression,Create a comparison question for slightly challenging elementary students to develop creative expression through a classroom art project. Ask only one main idea and include the correct answer.,405
arts-and-music,sound comparison,Create a question that asks the student to explain their reasoning for slightly challenging elementary students to develop sound comparison through rhythm. Use a familiar real-life context and add a short hint.,406
arts-and-music,color and shape recognition,Create a fill-in-the-blank question for moderate elementary students to develop color and shape recognition through warm and cool colors. Use age-appropriate language and explain the answer briefly.,407
arts-and-music,visual interpretation,Create a question that asks the student to explain their reasoning for moderate elementary students to develop visual interpretation through a dance. Avoid technical vocabulary and include a brief answer key.,408
arts-and-music,creative expression,Create a true-or-false question with a brief explanation for beginner elementary students to develop creative expression through a sculpture. Make the instructions direct and easy for a teacher to use.,409
arts-and-music,creative expression,Create a fill-in-the-blank question for easy elementary students to develop creative expression through a dance. Use age-appropriate language and explain the answer briefly.,410
arts-and-music,rhythm recognition,Create a question that asks the student to explain their reasoning for easy elementary students to develop rhythm recognition through a classroom art project. Use clear vocabulary and include the correct answer.,411
arts-and-music,rhythm recognition,Create a comparison question for easy elementary students to develop rhythm recognition through a classroom art project. Avoid technical vocabulary and include a brief answer key.,412
arts-and-music,rhythm recognition,Create a fill-in-the-blank question for moderate elementary students to develop rhythm recognition through a song. Keep the question under 50 words and provide the answer.,413
arts-and-music,visual interpretation,Create a fill-in-the-blank question for easy elementary students to develop visual interpretation through warm and cool colors. Use clear vocabulary and include the correct answer.,414
arts-and-music,art appreciation,Create a short-answer question for easy elementary students to develop art appreciation through warm and cool colors. Make the instructions direct and easy for a teacher to use.,415
arts-and-music,visual interpretation,Create a true-or-false question with a brief explanation for easy elementary students to develop visual interpretation through textures. Use age-appropriate language and explain the answer briefly.,416
arts-and-music,color and shape recognition,Create a comparison question for slightly challenging elementary students to develop color and shape recognition through a dance. Use age-appropriate language and explain the answer briefly.,417
arts-and-music,visual interpretation,Create a two-part question for easy elementary students to develop visual interpretation through a song. Keep the question under 50 words and provide the answer.,418
arts-and-music,sound comparison,Create a question that asks the student to explain their reasoning for easy elementary students to develop sound comparison through patterns. Use clear vocabulary and include the correct answer.,419
arts-and-music,visual interpretation,Create a simple scenario-based question for slightly challenging elementary students to develop visual interpretation through patterns. Ask only one main idea and include the correct answer.,420
arts-and-music,visual interpretation,Create a comparison question for beginner elementary students to develop visual interpretation through a song. Ask only one main idea and include the correct answer.,421
arts-and-music,rhythm recognition,Create a two-part question for moderate elementary students to develop rhythm recognition through rhythm. Use a familiar real-life context and add a short hint.,422
arts-and-music,rhythm recognition,Create a fill-in-the-blank question for easy elementary students to develop rhythm recognition through a painting. Make the expected response possible using text only.,423
arts-and-music,creative expression,Create a short-answer question for easy elementary students to develop creative expression through textures. Make the expected response possible using text only.,424
arts-and-music,sound comparison,Create a short-answer question for slightly challenging elementary students to develop sound comparison through warm and cool colors. Use a familiar real-life context and add a short hint.,425
arts-and-music,sound comparison,Create a comparison question for beginner elementary students to develop sound comparison through rhythm. Make the expected response possible using text only.,426
arts-and-music,art appreciation,Create a simple scenario-based question for moderate elementary students to develop art appreciation through a dance. Ask only one main idea and include the correct answer.,427
arts-and-music,creative expression,Create a fill-in-the-blank question for beginner elementary students to develop creative expression through a dance. Keep the question under 50 words and provide the answer.,428
arts-and-music,visual interpretation,Create a simple scenario-based question for moderate elementary students to develop visual interpretation through rhythm. Use age-appropriate language and explain the answer briefly.,429
arts-and-music,creative expression,Create a fill-in-the-blank question for moderate elementary students to develop creative expression through a sculpture. Use a familiar real-life context and add a short hint.,430
arts-and-music,art appreciation,Create a short-answer question for beginner elementary students to develop art appreciation through rhythm. Make the instructions direct and easy for a teacher to use.,431
arts-and-music,art appreciation,Create a question that asks the student to explain their reasoning for moderate elementary students to develop art appreciation through a painting. Keep the question under 50 words and provide the answer.,432
arts-and-music,rhythm recognition,Create a true-or-false question with a brief explanation for easy elementary students to develop rhythm recognition through rhythm. Keep the question under 50 words and provide the answer.,433
arts-and-music,art appreciation,Create a short-answer question for beginner elementary students to develop art appreciation through warm and cool colors. Keep the question under 50 words and provide the answer.,434
arts-and-music,sound comparison,Create a question that asks the student to explain their reasoning for moderate elementary students to develop sound comparison through a sculpture. Use age-appropriate language and explain the answer briefly.,435
arts-and-music,rhythm recognition,Create a short-answer question for slightly challenging elementary students to develop rhythm recognition through a classroom art project. Use age-appropriate language and explain the answer briefly.,436
arts-and-music,art appreciation,Create a true-or-false question with a brief explanation for slightly challenging elementary students to develop art appreciation through a song. Make the expected response possible using text only.,437
arts-and-music,art appreciation,Create a comparison question for beginner elementary students to develop art appreciation through patterns. Avoid technical vocabulary and include a brief answer key.,438
arts-and-music,color and shape recognition,Create a multiple-choice question with four options for slightly challenging elementary students to develop color and shape recognition through musical instruments. Use age-appropriate language and explain the answer briefly.,439
arts-and-music,color and shape recognition,Create a fill-in-the-blank question for beginner elementary students to develop color and shape recognition through patterns. Ask only one main idea and include the correct answer.,440
arts-and-music,rhythm recognition,Create a multiple-choice question with four options for moderate elementary students to develop rhythm recognition through a dance. Use age-appropriate language and explain the answer briefly.,441
arts-and-music,color and shape recognition,Create a multiple-choice question with four options for beginner elementary students to develop color and shape recognition through rhythm. Make the instructions direct and easy for a teacher to use.,442
arts-and-music,creative expression,Create a two-part question for slightly challenging elementary students to develop creative expression through a painting. Make the expected response possible using text only.,443
arts-and-music,color and shape recognition,Create a two-part question for slightly challenging elementary students to develop color and shape recognition through musical instruments. Make the instructions direct and easy for a teacher to use.,444
arts-and-music,sound comparison,Create a two-part question for slightly challenging elementary students to develop sound comparison through a dance. Use a familiar real-life context and add a short hint.,445
arts-and-music,visual interpretation,Create a true-or-false question with a brief explanation for moderate elementary students to develop visual interpretation through a sculpture. Make the instructions direct and easy for a teacher to use.,446
arts-and-music,rhythm recognition,Create a question that asks the student to explain their reasoning for easy elementary students to develop rhythm recognition through textures. Use a familiar real-life context and add a short hint.,447
arts-and-music,rhythm recognition,Create a simple scenario-based question for easy elementary students to develop rhythm recognition through a song. Ask only one main idea and include the correct answer.,448
arts-and-music,rhythm recognition,Create a simple scenario-based question for slightly challenging elementary students to develop rhythm recognition through warm and cool colors. Use a familiar real-life context and add a short hint.,449
arts-and-music,visual interpretation,Create a comparison question for slightly challenging elementary students to develop visual interpretation through warm and cool colors. Make the instructions direct and easy for a teacher to use.,450
arts-and-music,art appreciation,Create a question that asks the student to explain their reasoning for moderate elementary students to develop art appreciation through warm and cool colors. Ask only one main idea and include the correct answer.,451
arts-and-music,color and shape recognition,Create a fill-in-the-blank question for slightly challenging elementary students to develop color and shape recognition through patterns. Make the instructions direct and easy for a teacher to use.,452
arts-and-music,creative expression,Create a multiple-choice question with four options for moderate elementary students to develop creative expression through a dance. Avoid technical vocabulary and include a brief answer key.,453
arts-and-music,sound comparison,Create a multiple-choice question with four options for easy elementary students to develop sound comparison through a song. Make the expected response possible using text only.,454
arts-and-music,creative expression,Create a short-answer question for moderate elementary students to develop creative expression through warm and cool colors. Use clear vocabulary and include the correct answer.,455
arts-and-music,sound comparison,Create a fill-in-the-blank question for slightly challenging elementary students to develop sound comparison through a classroom art project. Use age-appropriate language and explain the answer briefly.,456
arts-and-music,visual interpretation,Create a true-or-false question with a brief explanation for beginner elementary students to develop visual interpretation through a dance. Use a familiar real-life context and add a short hint.,457
arts-and-music,rhythm recognition,Create a simple scenario-based question for moderate elementary students to develop rhythm recognition through a classroom art project. Make the expected response possible using text only.,458
arts-and-music,art appreciation,Create a question that asks the student to explain their reasoning for beginner elementary students to develop art appreciation through a sculpture. Use clear vocabulary and include the correct answer.,459
arts-and-music,sound comparison,Create a multiple-choice question with four options for moderate elementary students to develop sound comparison through rhythm. Use clear vocabulary and include the correct answer.,460
arts-and-music,creative expression,Create a two-part question for moderate elementary students to develop creative expression through a dance. Use age-appropriate language and explain the answer briefly.,461
arts-and-music,sound comparison,Create a two-part question for moderate elementary students to develop sound comparison through musical instruments. Use a familiar real-life context and add a short hint.,462
arts-and-music,color and shape recognition,Create a simple scenario-based question for easy elementary students to develop color and shape recognition through patterns. Use clear vocabulary and include the correct answer.,463
arts-and-music,sound comparison,Create a question that asks the student to explain their reasoning for moderate elementary students to develop sound comparison through patterns. Avoid technical vocabulary and include a brief answer key.,464
arts-and-music,art appreciation,Create a short-answer question for beginner elementary students to develop art appreciation through textures. Keep the question under 50 words and provide the answer.,465
arts-and-music,sound comparison,Create a short-answer question for beginner elementary students to develop sound comparison through a sculpture. Use clear vocabulary and include the correct answer.,466
arts-and-music,creative expression,Create a comparison question for slightly challenging elementary students to develop creative expression through a song. Make the instructions direct and easy for a teacher to use.,467
arts-and-music,creative expression,Create a two-part question for beginner elementary students to develop creative expression through textures. Use a familiar real-life context and add a short hint.,468
arts-and-music,creative expression,Create a fill-in-the-blank question for slightly challenging elementary students to develop creative expression through warm and cool colors. Avoid technical vocabulary and include a brief answer key.,469
arts-and-music,color and shape recognition,Create a question that asks the student to explain their reasoning for easy elementary students to develop color and shape recognition through patterns. Use a familiar real-life context and add a short hint.,470
arts-and-music,art appreciation,Create a true-or-false question with a brief explanation for beginner elementary students to develop art appreciation through textures. Make the instructions direct and easy for a teacher to use.,471
arts-and-music,art appreciation,Create a multiple-choice question with four options for moderate elementary students to develop art appreciation through rhythm. Make the instructions direct and easy for a teacher to use.,472
arts-and-music,rhythm recognition,Create a short-answer question for beginner elementary students to develop rhythm recognition through warm and cool colors. Use age-appropriate language and explain the answer briefly.,473
arts-and-music,art appreciation,Create a question that asks the student to explain their reasoning for easy elementary students to develop art appreciation through musical instruments. Ask only one main idea and include the correct answer.,474
arts-and-music,visual interpretation,Create a question that asks the student to explain their reasoning for easy elementary students to develop visual interpretation through patterns. Use age-appropriate language and explain the answer briefly.,475
arts-and-music,creative expression,Create a multiple-choice question with four options for moderate elementary students to develop creative expression through a classroom art project. Make the expected response possible using text only.,476
arts-and-music,sound comparison,Create a two-part question for easy elementary students to develop sound comparison through warm and cool colors. Make the instructions direct and easy for a teacher to use.,477
arts-and-music,sound comparison,Create a multiple-choice question with four options for slightly challenging elementary students to develop sound comparison through patterns. Use age-appropriate language and explain the answer briefly.,478
arts-and-music,art appreciation,Create a true-or-false question with a brief explanation for beginner elementary students to develop art appreciation through warm and cool colors. Avoid technical vocabulary and include a brief answer key.,479
