education_level,skill,prompt,id_prompt
early-childhood,counting,Create a multiple-choice question with four options for children ages 4 to 5 to develop counting using a context related to playground objects. Connect the task to a realistic situation.,0
early-childhood,quantity comparison,Create a short problem for children ages 4 to 5 to develop quantity comparison using a context related to fruit. Connect the task to a realistic situation.,1
early-childhood,number recognition,Create a conceptual question for children ages 4 to 5 to develop number recognition using a context related to animals. Include the correct answer and a brief solution.,2
early-childhood,simple patterns,Create a fill-in-the-blank problem for children ages 4 to 5 to develop simple patterns using a context related to animals. Make the answer possible using text and numbers only.,3
early-childhood,sorting,Create a real-life word problem for children ages 4 to 5 to develop sorting using a context related to fruit. Include the correct answer and a brief solution.,4
early-childhood,shape recognition,Create an error-analysis question for children ages 4 to 5 to develop shape recognition using a context related to picture cards. Use clear instructions and avoid unnecessary information.,5
early-childhood,number recognition,Create a short problem for children ages 4 to 5 to develop number recognition using a context related to fruit. Use values appropriate for the educational level.,6
early-childhood,sorting,Create a multiple-choice question with four options for children ages 4 to 5 to develop sorting using a context related to picture cards. Include the correct answer and a brief solution.,7
early-childhood,number recognition,Create a question that requires showing the reasoning for children ages 4 to 5 to develop number recognition using a context related to fruit. Ask the student to justify the answer briefly.,8
early-childhood,number recognition,Create a conceptual question for children ages 4 to 5 to develop number recognition using a context related to animals. Ask the student to justify the answer briefly.,9
early-childhood,shape recognition,Create a two-step problem for children ages 4 to 5 to develop shape recognition using a context related to songs. Include one hint and the final answer.,10
early-childhood,sorting,Create a fill-in-the-blank problem for children ages 4 to 5 to develop sorting using a context related to colored blocks. Use clear instructions and avoid unnecessary information.,11
early-childhood,number recognition,Create a fill-in-the-blank problem for children ages 4 to 5 to develop number recognition using a context related to playground objects. Make the answer possible using text and numbers only.,12
early-childhood,shape recognition,Create a short problem for children ages 4 to 5 to develop shape recognition using a context related to classroom objects. Include the correct answer and a brief solution.,13
early-childhood,counting,Create an error-analysis question for children ages 4 to 5 to develop counting using a context related to fruit. Use clear instructions and avoid unnecessary information.,14
early-childhood,quantity comparison,Create a short problem for children ages 4 to 5 to develop quantity comparison using a context related to playground objects. Make the answer possible using text and numbers only.,15
early-childhood,sorting,Create a question that requires showing the reasoning for children ages 4 to 5 to develop sorting using a context related to animals. Include one hint and the final answer.,16
early-childhood,simple patterns,Create an error-analysis question for children ages 4 to 5 to develop simple patterns using a context related to toys. Include one hint and the final answer.,17
early-childhood,shape recognition,Create a fill-in-the-blank problem for children ages 4 to 5 to develop shape recognition using a context related to songs. Connect the task to a realistic situation.,18
early-childhood,quantity comparison,Create a question that requires showing the reasoning for children ages 4 to 5 to develop quantity comparison using a context related to playground objects. Ask the student to justify the answer briefly.,19
early-childhood,number recognition,Create a conceptual question for children ages 4 to 5 to develop number recognition using a context related to colored blocks. Keep the wording concise and include an answer key.,20
early-childhood,sorting,Create a short problem for children ages 4 to 5 to develop sorting using a context related to toys. Connect the task to a realistic situation.,21
early-childhood,counting,Create a question that requires showing the reasoning for children ages 4 to 5 to develop counting using a context related to animals. Use clear instructions and avoid unnecessary information.,22
early-childhood,shape recognition,Create a two-step problem for children ages 4 to 5 to develop shape recognition using a context related to colored blocks. Keep the wording concise and include an answer key.,23
early-childhood,simple patterns,Create a conceptual question for children ages 4 to 5 to develop simple patterns using a context related to toys. Keep the wording concise and include an answer key.,24
early-childhood,sorting,Create a short problem for children ages 4 to 5 to develop sorting using a context related to colored blocks. Ask the student to justify the answer briefly.,25
early-childhood,quantity comparison,Create a real-life word problem for children ages 4 to 5 to develop quantity comparison using a context related to picture cards. Connect the task to a realistic situation.,26
early-childhood,sorting,Create a fill-in-the-blank problem for children ages 4 to 5 to develop sorting using a context related to colored blocks. Connect the task to a realistic situation.,27
early-childhood,shape recognition,Create a conceptual question for children ages 4 to 5 to develop shape recognition using a context related to playground objects. Make the answer possible using text and numbers only.,28
early-childhood,number recognition,Create a conceptual question for children ages 4 to 5 to develop number recognition using a context related to songs. Ask the student to justify the answer briefly.,29
early-childhood,number recognition,Create a two-step problem for children ages 4 to 5 to develop number recognition using a context related to classroom objects. Use clear instructions and avoid unnecessary information.,30
early-childhood,quantity comparison,Create a conceptual question for children ages 4 to 5 to develop quantity comparison using a context related to classroom objects. Use clear instructions and avoid unnecessary information.,31
early-childhood,shape recognition,Create a conceptual question for children ages 4 to 5 to develop shape recognition using a context related to classroom objects. Keep the wording concise and include an answer key.,32
early-childhood,simple patterns,Create a real-life word problem for children ages 4 to 5 to develop simple patterns using a context related to songs. Include one hint and the final answer.,33
early-childhood,number recognition,Create a two-step problem for children ages 4 to 5 to develop number recognition using a context related to fruit. Keep the wording concise and include an answer key.,34
early-childhood,quantity comparison,Create a question that requires showing the reasoning for children ages 4 to 5 to develop quantity comparison using a context related to colored blocks. Use values appropriate for the educational level.,35
early-childhood,sorting,Create a real-life word problem for children ages 4 to 5 to develop sorting using a context related to classroom objects. Ask the student to justify the answer briefly.,36
early-childhood,quantity comparison,Create a two-step problem for children ages 4 to 5 to develop quantity comparison using a context related to toys. Connect the task to a realistic situation.,37
early-childhood,sorting,Create a two-step problem for children ages 4 to 5 to develop sorting using a context related to playground objects. Keep the wording concise and include an answer key.,38
early-childhood,sorting,Create a conceptual question for children ages 4 to 5 to develop sorting using a context related to animals. Keep the wording concise and include an answer key.,39
early-childhood,number recognition,Create a fill-in-the-blank problem for children ages 4 to 5 to develop number recognition using a context related to toys. Connect the task to a realistic situation.,40
early-childhood,number recognition,Create a short problem for children ages 4 to 5 to develop number recognition using a context related to picture cards. Make the answer possible using text and numbers only.,41
early-childhood,number recognition,Create an error-analysis question for children ages 4 to 5 to develop number recognition using a context related to picture cards. Make the answer possible using text and numbers only.,42
early-childhood,counting,Create a fill-in-the-blank problem for children ages 4 to 5 to develop counting using a context related to animals. Use values appropriate for the educational level.,43
early-childhood,shape recognition,Create a conceptual question for children ages 4 to 5 to develop shape recognition using a context related to songs. Connect the task to a realistic situation.,44
early-childhood,quantity comparison,Create a real-life word problem for children ages 4 to 5 to develop quantity comparison using a context related to classroom objects. Include the correct answer and a brief solution.,45
early-childhood,simple patterns,Create an error-analysis question for children ages 4 to 5 to develop simple patterns using a context related to picture cards. Use values appropriate for the educational level.,46
early-childhood,quantity comparison,Create a real-life word problem for children ages 4 to 5 to develop quantity comparison using a context related to classroom objects. Include one hint and the final answer.,47
early-childhood,number recognition,Create a short problem for children ages 4 to 5 to develop number recognition using a context related to fruit. Keep the wording concise and include an answer key.,48
early-childhood,number recognition,Create a real-life word problem for children ages 4 to 5 to develop number recognition using a context related to picture cards. Use values appropriate for the educational level.,49
early-childhood,shape recognition,Create a question that requires showing the reasoning for children ages 4 to 5 to develop shape recognition using a context related to toys. Include the correct answer and a brief solution.,50
early-childhood,shape recognition,Create a multiple-choice question with four options for children ages 4 to 5 to develop shape recognition using a context related to toys. Connect the task to a realistic situation.,51
early-childhood,counting,Create a two-step problem for children ages 4 to 5 to develop counting using a context related to picture cards. Ask the student to justify the answer briefly.,52
early-childhood,simple patterns,Create a short problem for children ages 4 to 5 to develop simple patterns using a context related to classroom objects. Use values appropriate for the educational level.,53
early-childhood,number recognition,Create a question that requires showing the reasoning for children ages 4 to 5 to develop number recognition using a context related to picture cards. Make the answer possible using text and numbers only.,54
early-childhood,counting,Create a two-step problem for children ages 4 to 5 to develop counting using a context related to picture cards. Connect the task to a realistic situation.,55
early-childhood,shape recognition,Create a question that requires showing the reasoning for children ages 4 to 5 to develop shape recognition using a context related to playground objects. Make the answer possible using text and numbers only.,56
early-childhood,shape recognition,Create a fill-in-the-blank problem for children ages 4 to 5 to develop shape recognition using a context related to classroom objects. Keep the wording concise and include an answer key.,57
early-childhood,shape recognition,Create an error-analysis question for children ages 4 to 5 to develop shape recognition using a context related to animals. Include one hint and the final answer.,58
early-childhood,number recognition,Create a two-step problem for children ages 4 to 5 to develop number recognition using a context related to colored blocks. Keep the wording concise and include an answer key.,59
early-childhood,simple patterns,Create a two-step problem for children ages 4 to 5 to develop simple patterns using a context related to picture cards. Make the answer possible using text and numbers only.,60
early-childhood,quantity comparison,Create a fill-in-the-blank problem for children ages 4 to 5 to develop quantity comparison using a context related to colored blocks. Include one hint and the final answer.,61
early-childhood,counting,Create a multiple-choice question with four options for children ages 4 to 5 to develop counting using a context related to toys. Use clear instructions and avoid unnecessary information.,62
early-childhood,simple patterns,Create a fill-in-the-blank problem for children ages 4 to 5 to develop simple patterns using a context related to fruit. Connect the task to a realistic situation.,63
early-childhood,simple patterns,Create a short problem for children ages 4 to 5 to develop simple patterns using a context related to playground objects. Include one hint and the final answer.,64
early-childhood,shape recognition,Create a two-step problem for children ages 4 to 5 to develop shape recognition using a context related to classroom objects. Keep the wording concise and include an answer key.,65
early-childhood,shape recognition,Create an error-analysis question for children ages 4 to 5 to develop shape recognition using a context related to animals. Make the answer possible using text and numbers only.,66
early-childhood,number recognition,Create a real-life word problem for children ages 4 to 5 to develop number recognition using a context related to playground objects. Include the correct answer and a brief solution.,67
early-childhood,shape recognition,Create an error-analysis question for children ages 4 to 5 to develop shape recognition using a context related to colored blocks. Use clear instructions and avoid unnecessary information.,68
early-childhood,sorting,Create a question that requires showing the reasoning for children ages 4 to 5 to develop sorting using a context related to fruit. Include the correct answer and a brief solution.,69
early-childhood,sorting,Create a fill-in-the-blank problem for children ages 4 to 5 to develop sorting using a context related to fruit. Make the answer possible using text and numbers only.,70
early-childhood,number recognition,Create a conceptual question for children ages 4 to 5 to develop number recognition using a context related to colored blocks. Use clear instructions and avoid unnecessary information.,71
early-childhood,quantity comparison,Create a short problem for children ages 4 to 5 to develop quantity comparison using a context related to fruit. Keep the wording concise and include an answer key.,72
early-childhood,counting,Create a multiple-choice question with four options for children ages 4 to 5 to develop counting using a context related to fruit. Keep the wording concise and include an answer key.,73
early-childhood,simple patterns,Create a two-step problem for children ages 4 to 5 to develop simple patterns using a context related to classroom objects. Make the answer possible using text and numbers only.,74
early-childhood,number recognition,Create a fill-in-the-blank problem for children ages 4 to 5 to develop number recognition using a context related to songs. Use values appropriate for the educational level.,75
early-childhood,number recognition,Create a fill-in-the-blank problem for children ages 4 to 5 to develop number recognition using a context related to fruit. Ask the student to justify the answer briefly.,76
early-childhood,shape recognition,Create a two-step problem for children ages 4 to 5 to develop shape recognition using a context related to fruit. Use clear instructions and avoid unnecessary information.,77
early-childhood,shape recognition,Create a fill-in-the-blank problem for children ages 4 to 5 to develop shape recognition using a context related to colored blocks. Connect the task to a realistic situation.,78
early-childhood,sorting,Create a question that requires showing the reasoning for children ages 4 to 5 to develop sorting using a context related to colored blocks. Keep the wording concise and include an answer key.,79
early-childhood,number recognition,Create a short problem for children ages 4 to 5 to develop number recognition using a context related to toys. Use values appropriate for the educational level.,80
early-childhood,quantity comparison,Create a question that requires showing the reasoning for children ages 4 to 5 to develop quantity comparison using a context related to fruit. Include the correct answer and a brief solution.,81
early-childhood,sorting,Create a real-life word problem for children ages 4 to 5 to develop sorting using a context related to songs. Connect the task to a realistic situation.,82
early-childhood,sorting,Create a two-step problem for children ages 4 to 5 to develop sorting using a context related to fruit. Connect the task to a realistic situation.,83
early-childhood,counting,Create a short problem for children ages 4 to 5 to develop counting using a context related to colored blocks. Include one hint and the final answer.,84
early-childhood,quantity comparison,Create a multiple-choice question with four options for children ages 4 to 5 to develop quantity comparison using a context related to colored blocks. Make the answer possible using text and numbers only.,85
early-childhood,simple patterns,Create a two-step problem for children ages 4 to 5 to develop simple patterns using a context related to picture cards. Use clear instructions and avoid unnecessary information.,86
early-childhood,shape recognition,Create a short problem for children ages 4 to 5 to develop shape recognition using a context related to fruit. Use clear instructions and avoid unnecessary information.,87
early-childhood,quantity comparison,Create a question that requires showing the reasoning for children ages 4 to 5 to develop quantity comparison using a context related to songs. Keep the wording concise and include an answer key.,88
early-childhood,quantity comparison,Create a multiple-choice question with four options for children ages 4 to 5 to develop quantity comparison using a context related to picture cards. Ask the student to justify the answer briefly.,89
early-childhood,number recognition,Create a two-step problem for children ages 4 to 5 to develop number recognition using a context related to fruit. Make the answer possible using text and numbers only.,90
early-childhood,counting,Create a real-life word problem for children ages 4 to 5 to develop counting using a context related to animals. Use values appropriate for the educational level.,91
early-childhood,counting,Create a fill-in-the-blank problem for children ages 4 to 5 to develop counting using a context related to colored blocks. Keep the wording concise and include an answer key.,92
early-childhood,simple patterns,Create a short problem for children ages 4 to 5 to develop simple patterns using a context related to animals. Ask the student to justify the answer briefly.,93
early-childhood,number recognition,Create a real-life word problem for children ages 4 to 5 to develop number recognition using a context related to picture cards. Use clear instructions and avoid unnecessary information.,94
early-childhood,sorting,Create a conceptual question for children ages 4 to 5 to develop sorting using a context related to toys. Include one hint and the final answer.,95
early-childhood,shape recognition,Create a two-step problem for children ages 4 to 5 to develop shape recognition using a context related to picture cards. Keep the wording concise and include an answer key.,96
early-childhood,simple patterns,Create a conceptual question for children ages 4 to 5 to develop simple patterns using a context related to playground objects. Ask the student to justify the answer briefly.,97
early-childhood,counting,Create a two-step problem for children ages 4 to 5 to develop counting using a context related to toys. Use clear instructions and avoid unnecessary information.,98
early-childhood,counting,Create a short problem for children ages 4 to 5 to develop counting using a context related to fruit. Include one hint and the final answer.,99
early-childhood,sorting,Create a conceptual question for children ages 4 to 5 to develop sorting using a context related to toys. Make the answer possible using text and numbers only.,100
early-childhood,counting,Create a short problem for children ages 4 to 5 to develop counting using a context related to toys. Make the answer possible using text and numbers only.,101
early-childhood,number recognition,Create a two-step problem for children ages 4 to 5 to develop number recognition using a context related to animals. Include one hint and the final answer.,102
early-childhood,sorting,Create a multiple-choice question with four options for children ages 4 to 5 to develop sorting using a context related to fruit. Use values appropriate for the educational level.,103
early-childhood,sorting,Create an error-analysis question for children ages 4 to 5 to develop sorting using a context related to playground objects. Keep the wording concise and include an answer key.,104
early-childhood,quantity comparison,Create a two-step problem for children ages 4 to 5 to develop quantity comparison using a context related to colored blocks. Include one hint and the final answer.,105
early-childhood,quantity comparison,Create a two-step problem for children ages 4 to 5 to develop quantity comparison using a context related to fruit. Keep the wording concise and include an answer key.,106
early-childhood,simple patterns,Create an error-analysis question for children ages 4 to 5 to develop simple patterns using a context related to fruit. Use clear instructions and avoid unnecessary information.,107
early-childhood,shape recognition,Create a conceptual question for children ages 4 to 5 to develop shape recognition using a context related to colored blocks. Ask the student to justify the answer briefly.,108
early-childhood,number recognition,Create a fill-in-the-blank problem for children ages 4 to 5 to develop number recognition using a context related to animals. Connect the task to a realistic situation.,109
early-childhood,counting,Create a question that requires showing the reasoning for children ages 4 to 5 to develop counting using a context related to animals. Connect the task to a realistic situation.,110
early-childhood,number recognition,Create a question that requires showing the reasoning for children ages 4 to 5 to develop number recognition using a context related to classroom objects. Include one hint and the final answer.,111
early-childhood,counting,Create a real-life word problem for children ages 4 to 5 to develop counting using a context related to fruit. Use values appropriate for the educational level.,112
early-childhood,number recognition,Create an error-analysis question for children ages 4 to 5 to develop number recognition using a context related to toys. Use values appropriate for the educational level.,113
early-childhood,quantity comparison,Create a conceptual question for children ages 4 to 5 to develop quantity comparison using a context related to colored blocks. Use clear instructions and avoid unnecessary information.,114
early-childhood,shape recognition,Create a real-life word problem for children ages 4 to 5 to develop shape recognition using a context related to animals. Include one hint and the final answer.,115
early-childhood,quantity comparison,Create a real-life word problem for children ages 4 to 5 to develop quantity comparison using a context related to playground objects. Use values appropriate for the educational level.,116
early-childhood,simple patterns,Create a conceptual question for children ages 4 to 5 to develop simple patterns using a context related to songs. Ask the student to justify the answer briefly.,117
early-childhood,quantity comparison,Create a two-step problem for children ages 4 to 5 to develop quantity comparison using a context related to songs. Ask the student to justify the answer briefly.,118
early-childhood,simple patterns,Create a question that requires showing the reasoning for children ages 4 to 5 to develop simple patterns using a context related to animals. Include one hint and the final answer.,119
upper-elementary,decimals,Create a real-life word problem for upper elementary students to develop decimals using a context related to class surveys. Make the answer possible using text and numbers only.,120
upper-elementary,area and perimeter,Create a question that requires showing the reasoning for upper elementary students to develop area and perimeter using a context related to school projects. Keep the wording concise and include an answer key.,121
upper-elementary,data interpretation,Create a conceptual question for upper elementary students to develop data interpretation using a context related to class surveys. Ask the student to justify the answer briefly.,122
upper-elementary,multi-digit operations,Create a question that requires showing the reasoning for upper elementary students to develop multi-digit operations using a context related to class surveys. Include the correct answer and a brief solution.,123
upper-elementary,data interpretation,Create an error-analysis question for upper elementary students to develop data interpretation using a context related to gardens. Use values appropriate for the educational level.,124
upper-elementary,area and perimeter,Create a short problem for upper elementary students to develop area and perimeter using a context related to maps. Use clear instructions and avoid unnecessary information.,125
upper-elementary,multi-digit operations,Create a question that requires showing the reasoning for upper elementary students to develop multi-digit operations using a context related to maps. Use clear instructions and avoid unnecessary information.,126
upper-elementary,measurement,Create a question that requires showing the reasoning for upper elementary students to develop measurement using a context related to recipes. Connect the task to a realistic situation.,127
upper-elementary,fractions,Create a fill-in-the-blank problem for upper elementary students to develop fractions using a context related to class surveys. Keep the wording concise and include an answer key.,128
upper-elementary,area and perimeter,Create a two-step problem for upper elementary students to develop area and perimeter using a context related to sports results. Keep the wording concise and include an answer key.,129
upper-elementary,fractions,Create a two-step problem for upper elementary students to develop fractions using a context related to maps. Keep the wording concise and include an answer key.,130
upper-elementary,multi-digit operations,Create a question that requires showing the reasoning for upper elementary students to develop multi-digit operations using a context related to travel distances. Make the answer possible using text and numbers only.,131
upper-elementary,fractions,Create a multiple-choice question with four options for upper elementary students to develop fractions using a context related to shopping. Make the answer possible using text and numbers only.,132
upper-elementary,fractions,Create a multiple-choice question with four options for upper elementary students to develop fractions using a context related to school projects. Make the answer possible using text and numbers only.,133
upper-elementary,fractions,Create a short problem for upper elementary students to develop fractions using a context related to travel distances. Make the answer possible using text and numbers only.,134
upper-elementary,measurement,Create a two-step problem for upper elementary students to develop measurement using a context related to class surveys. Keep the wording concise and include an answer key.,135
upper-elementary,multi-digit operations,Create a conceptual question for upper elementary students to develop multi-digit operations using a context related to school projects. Keep the wording concise and include an answer key.,136
upper-elementary,multi-digit operations,Create a conceptual question for upper elementary students to develop multi-digit operations using a context related to sports results. Make the answer possible using text and numbers only.,137
upper-elementary,area and perimeter,Create a question that requires showing the reasoning for upper elementary students to develop area and perimeter using a context related to sports results. Include one hint and the final answer.,138
upper-elementary,measurement,Create a conceptual question for upper elementary students to develop measurement using a context related to travel distances. Make the answer possible using text and numbers only.,139
upper-elementary,data interpretation,Create a short problem for upper elementary students to develop data interpretation using a context related to shopping. Make the answer possible using text and numbers only.,140
upper-elementary,area and perimeter,Create an error-analysis question for upper elementary students to develop area and perimeter using a context related to sports results. Make the answer possible using text and numbers only.,141
upper-elementary,area and perimeter,Create an error-analysis question for upper elementary students to develop area and perimeter using a context related to travel distances. Include one hint and the final answer.,142
upper-elementary,measurement,Create a fill-in-the-blank problem for upper elementary students to develop measurement using a context related to recipes. Use clear instructions and avoid unnecessary information.,143
upper-elementary,decimals,Create a fill-in-the-blank problem for upper elementary students to develop decimals using a context related to school projects. Include the correct answer and a brief solution.,144
upper-elementary,area and perimeter,Create a multiple-choice question with four options for upper elementary students to develop area and perimeter using a context related to travel distances. Use values appropriate for the educational level.,145
upper-elementary,data interpretation,Create a multiple-choice question with four options for upper elementary students to develop data interpretation using a context related to recipes. Include the correct answer and a brief solution.,146
upper-elementary,decimals,Create a fill-in-the-blank problem for upper elementary students to develop decimals using a context related to gardens. Include the correct answer and a brief solution.,147
upper-elementary,data interpretation,Create a question that requires showing the reasoning for upper elementary students to develop data interpretation using a context related to recipes. Use values appropriate for the educational level.,148
upper-elementary,area and perimeter,Create a fill-in-the-blank problem for upper elementary students to develop area and perimeter using a context related to sports results. Make the answer possible using text and numbers only.,149
upper-elementary,fractions,Create a conceptual question for upper elementary students to develop fractions using a context related to school projects. Keep the wording concise and include an answer key.,150
upper-elementary,decimals,Create a conceptual question for upper elementary students to develop decimals using a context related to recipes. Include the correct answer and a brief solution.,151
upper-elementary,fractions,Create a fill-in-the-blank problem for upper elementary students to develop fractions using a context related to travel distances. Use clear instructions and avoid unnecessary information.,152
upper-elementary,multi-digit operations,Create an error-analysis question for upper elementary students to develop multi-digit operations using a context related to maps. Use clear instructions and avoid unnecessary information.,153
upper-elementary,area and perimeter,Create a short problem for upper elementary students to develop area and perimeter using a context related to recipes. Include the correct answer and a brief solution.,154
upper-elementary,fractions,Create an error-analysis question for upper elementary students to develop fractions using a context related to school projects. Ask the student to justify the answer briefly.,155
upper-elementary,multi-digit operations,Create a real-life word problem for upper elementary students to develop multi-digit operations using a context related to shopping. Make the answer possible using text and numbers only.,156
upper-elementary,decimals,Create a short problem for upper elementary students to develop decimals using a context related to recipes. Ask the student to justify the answer briefly.,157
upper-elementary,area and perimeter,Create a short problem for upper elementary students to develop area and perimeter using a context related to recipes. Ask the student to justify the answer briefly.,158
upper-elementary,area and perimeter,Create a short problem for upper elementary students to develop area and perimeter using a context related to maps. Connect the task to a realistic situation.,159
upper-elementary,area and perimeter,Create a question that requires showing the reasoning for upper elementary students to develop area and perimeter using a context related to recipes. Ask the student to justify the answer briefly.,160
upper-elementary,data interpretation,Create a two-step problem for upper elementary students to develop data interpretation using a context related to shopping. Use values appropriate for the educational level.,161
upper-elementary,area and perimeter,Create a conceptual question for upper elementary students to develop area and perimeter using a context related to travel distances. Keep the wording concise and include an answer key.,162
upper-elementary,fractions,Create a multiple-choice question with four options for upper elementary students to develop fractions using a context related to school projects. Use values appropriate for the educational level.,163
upper-elementary,measurement,Create a question that requires showing the reasoning for upper elementary students to develop measurement using a context related to travel distances. Use values appropriate for the educational level.,164
upper-elementary,decimals,Create a conceptual question for upper elementary students to develop decimals using a context related to shopping. Use values appropriate for the educational level.,165
upper-elementary,decimals,Create an error-analysis question for upper elementary students to develop decimals using a context related to maps. Make the answer possible using text and numbers only.,166
upper-elementary,measurement,Create a fill-in-the-blank problem for upper elementary students to develop measurement using a context related to travel distances. Keep the wording concise and include an answer key.,167
upper-elementary,measurement,Create a two-step problem for upper elementary students to develop measurement using a context related to school projects. Include one hint and the final answer.,168
upper-elementary,data interpretation,Create a conceptual question for upper elementary students to develop data interpretation using a context related to school projects. Connect the task to a realistic situation.,169
upper-elementary,decimals,Create a two-step problem for upper elementary students to develop decimals using a context related to class surveys. Keep the wording concise and include an answer key.,170
upper-elementary,measurement,Create a short problem for upper elementary students to develop measurement using a context related to school projects. Connect the task to a realistic situation.,171
upper-elementary,data interpretation,Create a multiple-choice question with four options for upper elementary students to develop data interpretation using a context related to sports results. Connect the task to a realistic situation.,172
upper-elementary,measurement,Create a multiple-choice question with four options for upper elementary students to develop measurement using a context related to travel distances. Ask the student to justify the answer briefly.,173
upper-elementary,measurement,Create an error-analysis question for upper elementary students to develop measurement using a context related to shopping. Ask the student to justify the answer briefly.,174
upper-elementary,data interpretation,Create a two-step problem for upper elementary students to develop data interpretation using a context related to school projects. Use clear instructions and avoid unnecessary information.,175
upper-elementary,decimals,Create a real-life word problem for upper elementary students to develop decimals using a context related to school projects. Connect the task to a realistic situation.,176
upper-elementary,measurement,Create a two-step problem for upper elementary students to develop measurement using a context related to class surveys. Make the answer possible using text and numbers only.,177
upper-elementary,data interpretation,Create a multiple-choice question with four options for upper elementary students to develop data interpretation using a context related to school projects. Ask the student to justify the answer briefly.,178
upper-elementary,multi-digit operations,Create a multiple-choice question with four options for upper elementary students to develop multi-digit operations using a context related to recipes. Keep the wording concise and include an answer key.,179
upper-elementary,data interpretation,Create a multiple-choice question with four options for upper elementary students to develop data interpretation using a context related to recipes. Ask the student to justify the answer briefly.,180
upper-elementary,fractions,Create a real-life word problem for upper elementary students to develop fractions using a context related to recipes. Include one hint and the final answer.,181
upper-elementary,area and perimeter,Create a short problem for upper elementary students to develop area and perimeter using a context related to maps. Ask the student to justify the answer briefly.,182
upper-elementary,measurement,Create a fill-in-the-blank problem for upper elementary students to develop measurement using a context related to class surveys. Connect the task to a realistic situation.,183
upper-elementary,area and perimeter,Create a fill-in-the-blank problem for upper elementary students to develop area and perimeter using a context related to travel distances. Include one hint and the final answer.,184
upper-elementary,fractions,Create a real-life word problem for upper elementary students to develop fractions using a context related to recipes. Include the correct answer and a brief solution.,185
upper-elementary,multi-digit operations,Create a short problem for upper elementary students to develop multi-digit operations using a context related to shopping. Ask the student to justify the answer briefly.,186
upper-elementary,data interpretation,Create a fill-in-the-blank problem for upper elementary students to develop data interpretation using a context related to class surveys. Make the answer possible using text and numbers only.,187
upper-elementary,area and perimeter,Create a conceptual question for upper elementary students to develop area and perimeter using a context related to gardens. Connect the task to a realistic situation.,188
upper-elementary,fractions,Create a fill-in-the-blank problem for upper elementary students to develop fractions using a context related to school projects. Connect the task to a realistic situation.,189
upper-elementary,fractions,Create a question that requires showing the reasoning for upper elementary students to develop fractions using a context related to school projects. Use clear instructions and avoid unnecessary information.,190
upper-elementary,area and perimeter,Create a fill-in-the-blank problem for upper elementary students to develop area and perimeter using a context related to gardens. Use clear instructions and avoid unnecessary information.,191
upper-elementary,multi-digit operations,Create an error-analysis question for upper elementary students to develop multi-digit operations using a context related to sports results. Connect the task to a realistic situation.,192
upper-elementary,data interpretation,Create a fill-in-the-blank problem for upper elementary students to develop data interpretation using a context related to sports results. Use values appropriate for the educational level.,193
upper-elementary,area and perimeter,Create a question that requires showing the reasoning for upper elementary students to develop area and perimeter using a context related to travel distances. Ask the student to justify the answer briefly.,194
upper-elementary,multi-digit operations,Create a short problem for upper elementary students to develop multi-digit operations using a context related to gardens. Include the correct answer and a brief solution.,195
upper-elementary,decimals,Create an error-analysis question for upper elementary students to develop decimals using a context related to maps. Use clear instructions and avoid unnecessary information.,196
upper-elementary,data interpretation,Create a question that requires showing the reasoning for upper elementary students to develop data interpretation using a context related to travel distances. Use clear instructions and avoid unnecessary information.,197
upper-elementary,area and perimeter,Create a real-life word problem for upper elementary students to develop area and perimeter using a context related to shopping. Ask the student to justify the answer briefly.,198
upper-elementary,multi-digit operations,Create a multiple-choice question with four options for upper elementary students to develop multi-digit operations using a context related to gardens. Use clear instructions and avoid unnecessary information.,199
upper-elementary,fractions,Create a two-step problem for upper elementary students to develop fractions using a context related to maps. Connect the task to a realistic situation.,200
upper-elementary,area and perimeter,Create a fill-in-the-blank problem for upper elementary students to develop area and perimeter using a context related to class surveys. Keep the wording concise and include an answer key.,201
upper-elementary,fractions,Create a question that requires showing the reasoning for upper elementary students to develop fractions using a context related to travel distances. Make the answer possible using text and numbers only.,202
upper-elementary,data interpretation,Create an error-analysis question for upper elementary students to develop data interpretation using a context related to sports results. Include the correct answer and a brief solution.,203
upper-elementary,area and perimeter,Create a real-life word problem for upper elementary students to develop area and perimeter using a context related to travel distances. Keep the wording concise and include an answer key.,204
upper-elementary,area and perimeter,Create an error-analysis question for upper elementary students to develop area and perimeter using a context related to school projects. Connect the task to a realistic situation.,205
upper-elementary,decimals,Create a two-step problem for upper elementary students to develop decimals using a context related to maps. Connect the task to a realistic situation.,206
upper-elementary,decimals,Create a real-life word problem for upper elementary students to develop decimals using a context related to recipes. Include one hint and the final answer.,207
upper-elementary,data interpretation,Create an error-analysis question for upper elementary students to develop data interpretation using a context related to class surveys. Connect the task to a realistic situation.,208
upper-elementary,data interpretation,Create a fill-in-the-blank problem for upper elementary students to develop data interpretation using a context related to gardens. Ask the student to justify the answer briefly.,209
upper-elementary,multi-digit operations,Create a question that requires showing the reasoning for upper elementary students to develop multi-digit operations using a context related to school projects. Use clear instructions and avoid unnecessary information.,210
upper-elementary,multi-digit operations,Create a multiple-choice question with four options for upper elementary students to develop multi-digit operations using a context related to class surveys. Use clear instructions and avoid unnecessary information.,211
upper-elementary,decimals,Create a conceptual question for upper elementary students to develop decimals using a context related to gardens. Include one hint and the final answer.,212
upper-elementary,area and perimeter,Create a multiple-choice question with four options for upper elementary students to develop area and perimeter using a context related to shopping. Use clear instructions and avoid unnecessary information.,213
upper-elementary,fractions,Create an error-analysis question for upper elementary students to develop fractions using a context related to class surveys. Include the correct answer and a brief solution.,214
upper-elementary,decimals,Create an error-analysis question for upper elementary students to develop decimals using a context related to class surveys. Use values appropriate for the educational level.,215
upper-elementary,multi-digit operations,Create a question that requires showing the reasoning for upper elementary students to develop multi-digit operations using a context related to sports results. Include one hint and the final answer.,216
upper-elementary,data interpretation,Create a conceptual question for upper elementary students to develop data interpretation using a context related to shopping. Connect the task to a realistic situation.,217
upper-elementary,fractions,Create a conceptual question for upper elementary students to develop fractions using a context related to gardens. Use values appropriate for the educational level.,218
upper-elementary,fractions,Create a conceptual question for upper elementary students to develop fractions using a context related to shopping. Include one hint and the final answer.,219
upper-elementary,decimals,Create a question that requires showing the reasoning for upper elementary students to develop decimals using a context related to school projects. Include the correct answer and a brief solution.,220
upper-elementary,multi-digit operations,Create an error-analysis question for upper elementary students to develop multi-digit operations using a context related to travel distances. Ask the student to justify the answer briefly.,221
upper-elementary,decimals,Create a multiple-choice question with four options for upper elementary students to develop decimals using a context related to gardens. Use values appropriate for the educational level.,222
upper-elementary,area and perimeter,Create a fill-in-the-blank problem for upper elementary students to develop area and perimeter using a context related to class surveys. Use clear instructions and avoid unnecessary information.,223
upper-elementary,fractions,Create a short problem for upper elementary students to develop fractions using a context related to class surveys. Include the correct answer and a brief solution.,224
upper-elementary,multi-digit operations,Create a real-life word problem for upper elementary students to develop multi-digit operations using a context related to gardens. Make the answer possible using text and numbers only.,225
upper-elementary,measurement,Create an error-analysis question for upper elementary students to develop measurement using a context related to shopping. Use values appropriate for the educational level.,226
upper-elementary,multi-digit operations,Create a fill-in-the-blank problem for upper elementary students to develop multi-digit operations using a context related to gardens. Ask the student to justify the answer briefly.,227
upper-elementary,data interpretation,Create a conceptual question for upper elementary students to develop data interpretation using a context related to recipes. Connect the task to a realistic situation.,228
upper-elementary,data interpretation,Create a conceptual question for upper elementary students to develop data interpretation using a context related to sports results. Use values appropriate for the educational level.,229
upper-elementary,area and perimeter,Create a real-life word problem for upper elementary students to develop area and perimeter using a context related to travel distances. Include one hint and the final answer.,230
upper-elementary,decimals,Create a question that requires showing the reasoning for upper elementary students to develop decimals using a context related to maps. Include the correct answer and a brief solution.,231
upper-elementary,fractions,Create a fill-in-the-blank problem for upper elementary students to develop fractions using a context related to shopping. Use values appropriate for the educational level.,232
upper-elementary,fractions,Create a two-step problem for upper elementary students to develop fractions using a context related to sports results. Ask the student to justify the answer briefly.,233
upper-elementary,area and perimeter,Create a real-life word problem for upper elementary students to develop area and perimeter using a context related to sports results. Keep the wording concise and include an answer key.,234
upper-elementary,data interpretation,Create a two-step problem for upper elementary students to develop data interpretation using a context related to class surveys. Include one hint and the final answer.,235
upper-elementary,measurement,Create a short problem for upper elementary students to develop measurement using a context related to gardens. Connect the task to a realistic situation.,236
upper-elementary,decimals,Create a two-step problem for upper elementary students to develop decimals using a context related to school projects. Use clear instructions and avoid unnecessary information.,237
upper-elementary,data interpretation,Create a question that requires showing the reasoning for upper elementary students to develop data interpretation using a context related to recipes. Connect the task to a realistic situation.,238
upper-elementary,data interpretation,Create a fill-in-the-blank problem for upper elementary students to develop data interpretation using a context related to class surveys. Keep the wording concise and include an answer key.,239
lower-secondary,geometry,Create a question that requires showing the reasoning for lower secondary students to develop geometry using a context related to maps. Make the answer possible using text and numbers only.,240
lower-secondary,ratios and proportions,Create a fill-in-the-blank problem for lower secondary students to develop ratios and proportions using a context related to scale drawings. Include one hint and the final answer.,241
lower-secondary,percentages,Create a question that requires showing the reasoning for lower secondary students to develop percentages using a context related to surveys. Ask the student to justify the answer briefly.,242
lower-secondary,integers,Create a short problem for lower secondary students to develop integers using a context related to surveys. Use values appropriate for the educational level.,243
lower-secondary,geometry,Create a multiple-choice question with four options for lower secondary students to develop geometry using a context related to sports statistics. Keep the wording concise and include an answer key.,244
lower-secondary,percentages,Create a conceptual question for lower secondary students to develop percentages using a context related to school events. Use values appropriate for the educational level.,245
lower-secondary,statistics and probability,Create an error-analysis question for lower secondary students to develop statistics and probability using a context related to temperature changes. Connect the task to a realistic situation.,246
lower-secondary,ratios and proportions,Create a question that requires showing the reasoning for lower secondary students to develop ratios and proportions using a context related to maps. Ask the student to justify the answer briefly.,247
lower-secondary,integers,Create a short problem for lower secondary students to develop integers using a context related to sports statistics. Connect the task to a realistic situation.,248
lower-secondary,geometry,Create a real-life word problem for lower secondary students to develop geometry using a context related to maps. Include one hint and the final answer.,249
lower-secondary,percentages,Create a multiple-choice question with four options for lower secondary students to develop percentages using a context related to maps. Ask the student to justify the answer briefly.,250
lower-secondary,integers,Create a real-life word problem for lower secondary students to develop integers using a context related to science experiments. Make the answer possible using text and numbers only.,251
lower-secondary,geometry,Create a conceptual question for lower secondary students to develop geometry using a context related to maps. Use clear instructions and avoid unnecessary information.,252
lower-secondary,geometry,Create a short problem for lower secondary students to develop geometry using a context related to surveys. Use clear instructions and avoid unnecessary information.,253
lower-secondary,geometry,Create a real-life word problem for lower secondary students to develop geometry using a context related to maps. Use clear instructions and avoid unnecessary information.,254
lower-secondary,ratios and proportions,Create an error-analysis question for lower secondary students to develop ratios and proportions using a context related to surveys. Use clear instructions and avoid unnecessary information.,255
lower-secondary,linear equations,Create a short problem for lower secondary students to develop linear equations using a context related to temperature changes. Keep the wording concise and include an answer key.,256
lower-secondary,integers,Create a fill-in-the-blank problem for lower secondary students to develop integers using a context related to temperature changes. Connect the task to a realistic situation.,257
lower-secondary,geometry,Create a fill-in-the-blank problem for lower secondary students to develop geometry using a context related to surveys. Keep the wording concise and include an answer key.,258
lower-secondary,linear equations,Create a fill-in-the-blank problem for lower secondary students to develop linear equations using a context related to science experiments. Connect the task to a realistic situation.,259
lower-secondary,geometry,Create a conceptual question for lower secondary students to develop geometry using a context related to sports statistics. Include one hint and the final answer.,260
lower-secondary,integers,Create a multiple-choice question with four options for lower secondary students to develop integers using a context related to school events. Make the answer possible using text and numbers only.,261
lower-secondary,geometry,Create a question that requires showing the reasoning for lower secondary students to develop geometry using a context related to science experiments. Make the answer possible using text and numbers only.,262
lower-secondary,integers,Create a fill-in-the-blank problem for lower secondary students to develop integers using a context related to school events. Keep the wording concise and include an answer key.,263
lower-secondary,geometry,Create a question that requires showing the reasoning for lower secondary students to develop geometry using a context related to budgets. Include the correct answer and a brief solution.,264
lower-secondary,percentages,Create a real-life word problem for lower secondary students to develop percentages using a context related to maps. Connect the task to a realistic situation.,265
lower-secondary,linear equations,Create an error-analysis question for lower secondary students to develop linear equations using a context related to budgets. Ask the student to justify the answer briefly.,266
lower-secondary,geometry,Create a multiple-choice question with four options for lower secondary students to develop geometry using a context related to school events. Include one hint and the final answer.,267
lower-secondary,statistics and probability,Create a two-step problem for lower secondary students to develop statistics and probability using a context related to budgets. Keep the wording concise and include an answer key.,268
lower-secondary,ratios and proportions,Create a short problem for lower secondary students to develop ratios and proportions using a context related to sports statistics. Keep the wording concise and include an answer key.,269
lower-secondary,ratios and proportions,Create a question that requires showing the reasoning for lower secondary students to develop ratios and proportions using a context related to budgets. Connect the task to a realistic situation.,270
lower-secondary,geometry,Create a question that requires showing the reasoning for lower secondary students to develop geometry using a context related to science experiments. Connect the task to a realistic situation.,271
lower-secondary,statistics and probability,Create a question that requires showing the reasoning for lower secondary students to develop statistics and probability using a context related to maps. Include the correct answer and a brief solution.,272
lower-secondary,integers,Create a question that requires showing the reasoning for lower secondary students to develop integers using a context related to maps. Use clear instructions and avoid unnecessary information.,273
lower-secondary,percentages,Create a question that requires showing the reasoning for lower secondary students to develop percentages using a context related to maps. Keep the wording concise and include an answer key.,274
lower-secondary,linear equations,Create a fill-in-the-blank problem for lower secondary students to develop linear equations using a context related to science experiments. Use clear instructions and avoid unnecessary information.,275
lower-secondary,statistics and probability,Create a conceptual question for lower secondary students to develop statistics and probability using a context related to school events. Make the answer possible using text and numbers only.,276
lower-secondary,percentages,Create a conceptual question for lower secondary students to develop percentages using a context related to maps. Use clear instructions and avoid unnecessary information.,277
lower-secondary,integers,Create a conceptual question for lower secondary students to develop integers using a context related to scale drawings. Include the correct answer and a brief solution.,278
lower-secondary,percentages,Create a short problem for lower secondary students to develop percentages using a context related to scale drawings. Make the answer possible using text and numbers only.,279
lower-secondary,linear equations,Create a fill-in-the-blank problem for lower secondary students to develop linear equations using a context related to temperature changes. Include the correct answer and a brief solution.,280
lower-secondary,linear equations,Create a short problem for lower secondary students to develop linear equations using a context related to surveys. Include the correct answer and a brief solution.,281
lower-secondary,statistics and probability,Create a multiple-choice question with four options for lower secondary students to develop statistics and probability using a context related to school events. Connect the task to a realistic situation.,282
lower-secondary,geometry,Create an error-analysis question for lower secondary students to develop geometry using a context related to sports statistics. Use clear instructions and avoid unnecessary information.,283
lower-secondary,geometry,Create a fill-in-the-blank problem for lower secondary students to develop geometry using a context related to surveys. Include the correct answer and a brief solution.,284
lower-secondary,ratios and proportions,Create a fill-in-the-blank problem for lower secondary students to develop ratios and proportions using a context related to scale drawings. Include the correct answer and a brief solution.,285
lower-secondary,ratios and proportions,Create a question that requires showing the reasoning for lower secondary students to develop ratios and proportions using a context related to surveys. Keep the wording concise and include an answer key.,286
lower-secondary,linear equations,Create a short problem for lower secondary students to develop linear equations using a context related to temperature changes. Include the correct answer and a brief solution.,287
lower-secondary,ratios and proportions,Create an error-analysis question for lower secondary students to develop ratios and proportions using a context related to school events. Include one hint and the final answer.,288
lower-secondary,linear equations,Create a conceptual question for lower secondary students to develop linear equations using a context related to temperature changes. Use clear instructions and avoid unnecessary information.,289
lower-secondary,percentages,Create a fill-in-the-blank problem for lower secondary students to develop percentages using a context related to budgets. Connect the task to a realistic situation.,290
lower-secondary,statistics and probability,Create a short problem for lower secondary students to develop statistics and probability using a context related to school events. Keep the wording concise and include an answer key.,291
lower-secondary,ratios and proportions,Create a fill-in-the-blank problem for lower secondary students to develop ratios and proportions using a context related to sports statistics. Connect the task to a realistic situation.,292
lower-secondary,percentages,Create a conceptual question for lower secondary students to develop percentages using a context related to scale drawings. Keep the wording concise and include an answer key.,293
lower-secondary,statistics and probability,Create a question that requires showing the reasoning for lower secondary students to develop statistics and probability using a context related to scale drawings. Ask the student to justify the answer briefly.,294
lower-secondary,geometry,Create a question that requires showing the reasoning for lower secondary students to develop geometry using a context related to budgets. Make the answer possible using text and numbers only.,295
lower-secondary,integers,Create an error-analysis question for lower secondary students to develop integers using a context related to science experiments. Use clear instructions and avoid unnecessary information.,296
lower-secondary,linear equations,Create a two-step problem for lower secondary students to develop linear equations using a context related to surveys. Ask the student to justify the answer briefly.,297
lower-secondary,statistics and probability,Create a conceptual question for lower secondary students to develop statistics and probability using a context related to surveys. Use clear instructions and avoid unnecessary information.,298
lower-secondary,geometry,Create a multiple-choice question with four options for lower secondary students to develop geometry using a context related to sports statistics. Include the correct answer and a brief solution.,299
lower-secondary,percentages,Create a question that requires showing the reasoning for lower secondary students to develop percentages using a context related to science experiments. Make the answer possible using text and numbers only.,300
lower-secondary,ratios and proportions,Create a question that requires showing the reasoning for lower secondary students to develop ratios and proportions using a context related to sports statistics. Include the correct answer and a brief solution.,301
lower-secondary,ratios and proportions,Create an error-analysis question for lower secondary students to develop ratios and proportions using a context related to maps. Include one hint and the final answer.,302
lower-secondary,integers,Create a fill-in-the-blank problem for lower secondary students to develop integers using a context related to sports statistics. Use clear instructions and avoid unnecessary information.,303
lower-secondary,linear equations,Create a multiple-choice question with four options for lower secondary students to develop linear equations using a context related to surveys. Use clear instructions and avoid unnecessary information.,304
lower-secondary,integers,Create a real-life word problem for lower secondary students to develop integers using a context related to temperature changes. Make the answer possible using text and numbers only.,305
lower-secondary,geometry,Create a fill-in-the-blank problem for lower secondary students to develop geometry using a context related to budgets. Connect the task to a realistic situation.,306
lower-secondary,statistics and probability,Create an error-analysis question for lower secondary students to develop statistics and probability using a context related to scale drawings. Include one hint and the final answer.,307
lower-secondary,integers,Create an error-analysis question for lower secondary students to develop integers using a context related to temperature changes. Use values appropriate for the educational level.,308
lower-secondary,statistics and probability,Create a real-life word problem for lower secondary students to develop statistics and probability using a context related to school events. Use values appropriate for the educational level.,309
lower-secondary,ratios and proportions,Create a question that requires showing the reasoning for lower secondary students to develop ratios and proportions using a context related to sports statistics. Keep the wording concise and include an answer key.,310
lower-secondary,linear equations,Create a real-life word problem for lower secondary students to develop linear equations using a context related to scale drawings. Use values appropriate for the educational level.,311
lower-secondary,integers,Create a multiple-choice question with four options for lower secondary students to develop integers using a context related to temperature changes. Make the answer possible using text and numbers only.,312
lower-secondary,geometry,Create a question that requires showing the reasoning for lower secondary students to develop geometry using a context related to temperature changes. Use clear instructions and avoid unnecessary information.,313
lower-secondary,percentages,Create a real-life word problem for lower secondary students to develop percentages using a context related to school events. Use values appropriate for the educational level.,314
lower-secondary,linear equations,Create a short problem for lower secondary students to develop linear equations using a context related to surveys. Connect the task to a realistic situation.,315
lower-secondary,ratios and proportions,Create a multiple-choice question with four options for lower secondary students to develop ratios and proportions using a context related to temperature changes. Connect the task to a realistic situation.,316
lower-secondary,integers,Create a fill-in-the-blank problem for lower secondary students to develop integers using a context related to temperature changes. Use values appropriate for the educational level.,317
lower-secondary,ratios and proportions,Create a conceptual question for lower secondary students to develop ratios and proportions using a context related to maps. Keep the wording concise and include an answer key.,318
lower-secondary,integers,Create a fill-in-the-blank problem for lower secondary students to develop integers using a context related to scale drawings. Keep the wording concise and include an answer key.,319
lower-secondary,statistics and probability,Create a two-step problem for lower secondary students to develop statistics and probability using a context related to maps. Use values appropriate for the educational level.,320
lower-secondary,statistics and probability,Create a short problem for lower secondary students to develop statistics and probability using a context related to science experiments. Connect the task to a realistic situation.,321
lower-secondary,statistics and probability,Create a two-step problem for lower secondary students to develop statistics and probability using a context related to school events. Connect the task to a realistic situation.,322
lower-secondary,statistics and probability,Create a real-life word problem for lower secondary students to develop statistics and probability using a context related to school events. Connect the task to a realistic situation.,323
lower-secondary,statistics and probability,Create a multiple-choice question with four options for lower secondary students to develop statistics and probability using a context related to surveys. Connect the task to a realistic situation.,324
lower-secondary,linear equations,Create a real-life word problem for lower secondary students to develop linear equations using a context related to temperature changes. Ask the student to justify the answer briefly.,325
lower-secondary,geometry,Create an error-analysis question for lower secondary students to develop geometry using a context related to maps. Make the answer possible using text and numbers only.,326
lower-secondary,geometry,Create an error-analysis question for lower secondary students to develop geometry using a context related to science experiments. Make the answer possible using text and numbers only.,327
lower-secondary,ratios and proportions,Create an error-analysis question for lower secondary students to develop ratios and proportions using a context related to maps. Make the answer possible using text and numbers only.,328
lower-secondary,geometry,Create a two-step problem for lower secondary students to develop geometry using a context related to sports statistics. Use clear instructions and avoid unnecessary information.,329
lower-secondary,integers,Create a two-step problem for lower secondary students to develop integers using a context related to scale drawings. Use clear instructions and avoid unnecessary information.,330
lower-secondary,ratios and proportions,Create a two-step problem for lower secondary students to develop ratios and proportions using a context related to temperature changes. Make the answer possible using text and numbers only.,331
lower-secondary,integers,Create a two-step problem for lower secondary students to develop integers using a context related to surveys. Keep the wording concise and include an answer key.,332
lower-secondary,linear equations,Create an error-analysis question for lower secondary students to develop linear equations using a context related to maps. Use values appropriate for the educational level.,333
lower-secondary,integers,Create a conceptual question for lower secondary students to develop integers using a context related to temperature changes. Keep the wording concise and include an answer key.,334
lower-secondary,linear equations,Create a fill-in-the-blank problem for lower secondary students to develop linear equations using a context related to surveys. Ask the student to justify the answer briefly.,335
lower-secondary,percentages,Create a fill-in-the-blank problem for lower secondary students to develop percentages using a context related to scale drawings. Use values appropriate for the educational level.,336
lower-secondary,linear equations,Create a conceptual question for lower secondary students to develop linear equations using a context related to science experiments. Use values appropriate for the educational level.,337
lower-secondary,statistics and probability,Create a multiple-choice question with four options for lower secondary students to develop statistics and probability using a context related to surveys. Keep the wording concise and include an answer key.,338
lower-secondary,statistics and probability,Create a real-life word problem for lower secondary students to develop statistics and probability using a context related to maps. Ask the student to justify the answer briefly.,339
lower-secondary,geometry,Create a conceptual question for lower secondary students to develop geometry using a context related to school events. Include one hint and the final answer.,340
lower-secondary,statistics and probability,Create a short problem for lower secondary students to develop statistics and probability using a context related to scale drawings. Include one hint and the final answer.,341
lower-secondary,integers,Create a question that requires showing the reasoning for lower secondary students to develop integers using a context related to school events. Keep the wording concise and include an answer key.,342
lower-secondary,statistics and probability,Create a short problem for lower secondary students to develop statistics and probability using a context related to surveys. Include one hint and the final answer.,343
lower-secondary,linear equations,Create a short problem for lower secondary students to develop linear equations using a context related to budgets. Make the answer possible using text and numbers only.,344
lower-secondary,percentages,Create an error-analysis question for lower secondary students to develop percentages using a context related to science experiments. Keep the wording concise and include an answer key.,345
lower-secondary,statistics and probability,Create a short problem for lower secondary students to develop statistics and probability using a context related to sports statistics. Include one hint and the final answer.,346
lower-secondary,statistics and probability,Create a short problem for lower secondary students to develop statistics and probability using a context related to sports statistics. Make the answer possible using text and numbers only.,347
lower-secondary,ratios and proportions,Create a conceptual question for lower secondary students to develop ratios and proportions using a context related to budgets. Use values appropriate for the educational level.,348
lower-secondary,integers,Create a two-step problem for lower secondary students to develop integers using a context related to scale drawings. Include the correct answer and a brief solution.,349
lower-secondary,ratios and proportions,Create a two-step problem for lower secondary students to develop ratios and proportions using a context related to maps. Keep the wording concise and include an answer key.,350
lower-secondary,ratios and proportions,Create a short problem for lower secondary students to develop ratios and proportions using a context related to budgets. Use clear instructions and avoid unnecessary information.,351
lower-secondary,percentages,Create an error-analysis question for lower secondary students to develop percentages using a context related to surveys. Keep the wording concise and include an answer key.,352
lower-secondary,ratios and proportions,Create a question that requires showing the reasoning for lower secondary students to develop ratios and proportions using a context related to maps. Include one hint and the final answer.,353
lower-secondary,linear equations,Create a conceptual question for lower secondary students to develop linear equations using a context related to surveys. Keep the wording concise and include an answer key.,354
lower-secondary,integers,Create an error-analysis question for lower secondary students to develop integers using a context related to budgets. Connect the task to a realistic situation.,355
lower-secondary,ratios and proportions,Create a conceptual question for lower secondary students to develop ratios and proportions using a context related to science experiments. Use values appropriate for the educational level.,356
lower-secondary,integers,Create a fill-in-the-blank problem for lower secondary students to develop integers using a context related to scale drawings. Use clear instructions and avoid unnecessary information.,357
lower-secondary,ratios and proportions,Create a multiple-choice question with four options for lower secondary students to develop ratios and proportions using a context related to school events. Keep the wording concise and include an answer key.,358
lower-secondary,linear equations,Create a short problem for lower secondary students to develop linear equations using a context related to science experiments. Ask the student to justify the answer briefly.,359
upper-secondary,probability,Create a question that requires showing the reasoning for upper secondary students to develop probability using a context related to data analysis. Include the correct answer and a brief solution.,360
upper-secondary,probability,Create a two-step problem for upper secondary students to develop probability using a context related to technology. Include one hint and the final answer.,361
upper-secondary,quadratic functions,Create a real-life word problem for upper secondary students to develop quadratic functions using a context related to business costs. Include the correct answer and a brief solution.,362
upper-secondary,exponential functions,Create a real-life word problem for upper secondary students to develop exponential functions using a context related to data analysis. Make the answer possible using text and numbers only.,363
upper-secondary,trigonometry,Create a two-step problem for upper secondary students to develop trigonometry using a context related to architecture. Ask the student to justify the answer briefly.,364
upper-secondary,systems of equations,Create a fill-in-the-blank problem for upper secondary students to develop systems of equations using a context related to projectile motion. Use values appropriate for the educational level.,365
upper-secondary,analytic geometry,Create a conceptual question for upper secondary students to develop analytic geometry using a context related to technology. Keep the wording concise and include an answer key.,366
upper-secondary,quadratic functions,Create a fill-in-the-blank problem for upper secondary students to develop quadratic functions using a context related to environmental models. Use values appropriate for the educational level.,367
upper-secondary,analytic geometry,Create a short problem for upper secondary students to develop analytic geometry using a context related to population growth. Include one hint and the final answer.,368
upper-secondary,probability,Create a short problem for upper secondary students to develop probability using a context related to environmental models. Include the correct answer and a brief solution.,369
upper-secondary,analytic geometry,Create a conceptual question for upper secondary students to develop analytic geometry using a context related to technology. Ask the student to justify the answer briefly.,370
upper-secondary,quadratic functions,Create a two-step problem for upper secondary students to develop quadratic functions using a context related to population growth. Keep the wording concise and include an answer key.,371
upper-secondary,trigonometry,Create a real-life word problem for upper secondary students to develop trigonometry using a context related to business costs. Keep the wording concise and include an answer key.,372
upper-secondary,systems of equations,Create a two-step problem for upper secondary students to develop systems of equations using a context related to population growth. Keep the wording concise and include an answer key.,373
upper-secondary,systems of equations,Create a fill-in-the-blank problem for upper secondary students to develop systems of equations using a context related to data analysis. Use values appropriate for the educational level.,374
upper-secondary,trigonometry,Create a short problem for upper secondary students to develop trigonometry using a context related to environmental models. Keep the wording concise and include an answer key.,375
upper-secondary,analytic geometry,Create a question that requires showing the reasoning for upper secondary students to develop analytic geometry using a context related to technology. Include one hint and the final answer.,376
upper-secondary,quadratic functions,Create a short problem for upper secondary students to develop quadratic functions using a context related to architecture. Include the correct answer and a brief solution.,377
upper-secondary,quadratic functions,Create a fill-in-the-blank problem for upper secondary students to develop quadratic functions using a context related to business costs. Keep the wording concise and include an answer key.,378
upper-secondary,quadratic functions,Create an error-analysis question for upper secondary students to develop quadratic functions using a context related to architecture. Make the answer possible using text and numbers only.,379
upper-secondary,exponential functions,Create a short problem for upper secondary students to develop exponential functions using a context related to environmental models. Keep the wording concise and include an answer key.,380
upper-secondary,quadratic functions,Create a fill-in-the-blank problem for upper secondary students to develop quadratic functions using a context related to environmental models. Include one hint and the final answer.,381
upper-secondary,trigonometry,Create a short problem for upper secondary students to develop trigonometry using a context related to architecture. Include the correct answer and a brief solution.,382
upper-secondary,trigonometry,Create a conceptual question for upper secondary students to develop trigonometry using a context related to environmental models. Include the correct answer and a brief solution.,383
upper-secondary,systems of equations,Create a conceptual question for upper secondary students to develop systems of equations using a context related to projectile motion. Include one hint and the final answer.,384
upper-secondary,probability,Create a multiple-choice question with four options for upper secondary students to develop probability using a context related to data analysis. Make the answer possible using text and numbers only.,385
upper-secondary,exponential functions,Create an error-analysis question for upper secondary students to develop exponential functions using a context related to navigation. Make the answer possible using text and numbers only.,386
upper-secondary,trigonometry,Create a real-life word problem for upper secondary students to develop trigonometry using a context related to architecture. Include the correct answer and a brief solution.,387
upper-secondary,probability,Create an error-analysis question for upper secondary students to develop probability using a context related to data analysis. Use values appropriate for the educational level.,388
upper-secondary,trigonometry,Create a real-life word problem for upper secondary students to develop trigonometry using a context related to business costs. Use values appropriate for the educational level.,389
upper-secondary,systems of equations,Create a two-step problem for upper secondary students to develop systems of equations using a context related to population growth. Connect the task to a realistic situation.,390
upper-secondary,exponential functions,Create a short problem for upper secondary students to develop exponential functions using a context related to navigation. Keep the wording concise and include an answer key.,391
upper-secondary,quadratic functions,Create a multiple-choice question with four options for upper secondary students to develop quadratic functions using a context related to business costs. Ask the student to justify the answer briefly.,392
upper-secondary,quadratic functions,Create a real-life word problem for upper secondary students to develop quadratic functions using a context related to data analysis. Make the answer possible using text and numbers only.,393
upper-secondary,quadratic functions,Create an error-analysis question for upper secondary students to develop quadratic functions using a context related to technology. Make the answer possible using text and numbers only.,394
upper-secondary,quadratic functions,Create a short problem for upper secondary students to develop quadratic functions using a context related to projectile motion. Connect the task to a realistic situation.,395
upper-secondary,exponential functions,Create a multiple-choice question with four options for upper secondary students to develop exponential functions using a context related to projectile motion. Use clear instructions and avoid unnecessary information.,396
upper-secondary,quadratic functions,Create a two-step problem for upper secondary students to develop quadratic functions using a context related to technology. Connect the task to a realistic situation.,397
upper-secondary,probability,Create a real-life word problem for upper secondary students to develop probability using a context related to data analysis. Include one hint and the final answer.,398
upper-secondary,probability,Create an error-analysis question for upper secondary students to develop probability using a context related to navigation. Ask the student to justify the answer briefly.,399
upper-secondary,trigonometry,Create a multiple-choice question with four options for upper secondary students to develop trigonometry using a context related to data analysis. Make the answer possible using text and numbers only.,400
upper-secondary,exponential functions,Create a fill-in-the-blank problem for upper secondary students to develop exponential functions using a context related to population growth. Ask the student to justify the answer briefly.,401
upper-secondary,trigonometry,Create a question that requires showing the reasoning for upper secondary students to develop trigonometry using a context related to technology. Make the answer possible using text and numbers only.,402
upper-secondary,systems of equations,Create a two-step problem for upper secondary students to develop systems of equations using a context related to projectile motion. Keep the wording concise and include an answer key.,403
upper-secondary,quadratic functions,Create a question that requires showing the reasoning for upper secondary students to develop quadratic functions using a context related to projectile motion. Ask the student to justify the answer briefly.,404
upper-secondary,analytic geometry,Create a two-step problem for upper secondary students to develop analytic geometry using a context related to navigation. Use clear instructions and avoid unnecessary information.,405
upper-secondary,exponential functions,Create a fill-in-the-blank problem for upper secondary students to develop exponential functions using a context related to population growth. Use clear instructions and avoid unnecessary information.,406
upper-secondary,systems of equations,Create a real-life word problem for upper secondary students to develop systems of equations using a context related to projectile motion. Use values appropriate for the educational level.,407
upper-secondary,trigonometry,Create a question that requires showing the reasoning for upper secondary students to develop trigonometry using a context related to projectile motion. Connect the task to a realistic situation.,408
upper-secondary,exponential functions,Create a conceptual question for upper secondary students to develop exponential functions using a context related to environmental models. Ask the student to justify the answer briefly.,409
upper-secondary,systems of equations,Create a conceptual question for upper secondary students to develop systems of equations using a context related to technology. Include one hint and the final answer.,410
upper-secondary,exponential functions,Create a question that requires showing the reasoning for upper secondary students to develop exponential functions using a context related to projectile motion. Keep the wording concise and include an answer key.,411
upper-secondary,probability,Create a conceptual question for upper secondary students to develop probability using a context related to projectile motion. Keep the wording concise and include an answer key.,412
upper-secondary,systems of equations,Create a multiple-choice question with four options for upper secondary students to develop systems of equations using a context related to architecture. Make the answer possible using text and numbers only.,413
upper-secondary,exponential functions,Create a conceptual question for upper secondary students to develop exponential functions using a context related to navigation. Keep the wording concise and include an answer key.,414
upper-secondary,probability,Create a question that requires showing the reasoning for upper secondary students to develop probability using a context related to projectile motion. Keep the wording concise and include an answer key.,415
upper-secondary,analytic geometry,Create a multiple-choice question with four options for upper secondary students to develop analytic geometry using a context related to environmental models. Keep the wording concise and include an answer key.,416
upper-secondary,probability,Create a multiple-choice question with four options for upper secondary students to develop probability using a context related to technology. Make the answer possible using text and numbers only.,417
upper-secondary,trigonometry,Create an error-analysis question for upper secondary students to develop trigonometry using a context related to architecture. Include one hint and the final answer.,418
upper-secondary,systems of equations,Create a fill-in-the-blank problem for upper secondary students to develop systems of equations using a context related to technology. Include one hint and the final answer.,419
upper-secondary,exponential functions,Create a multiple-choice question with four options for upper secondary students to develop exponential functions using a context related to projectile motion. Make the answer possible using text and numbers only.,420
upper-secondary,quadratic functions,Create a conceptual question for upper secondary students to develop quadratic functions using a context related to environmental models. Use clear instructions and avoid unnecessary information.,421
upper-secondary,trigonometry,Create a multiple-choice question with four options for upper secondary students to develop trigonometry using a context related to population growth. Make the answer possible using text and numbers only.,422
upper-secondary,exponential functions,Create a real-life word problem for upper secondary students to develop exponential functions using a context related to data analysis. Include the correct answer and a brief solution.,423
upper-secondary,analytic geometry,Create a two-step problem for upper secondary students to develop analytic geometry using a context related to projectile motion. Keep the wording concise and include an answer key.,424
upper-secondary,quadratic functions,Create a two-step problem for upper secondary students to develop quadratic functions using a context related to population growth. Connect the task to a realistic situation.,425
upper-secondary,trigonometry,Create a short problem for upper secondary students to develop trigonometry using a context related to population growth. Make the answer possible using text and numbers only.,426
upper-secondary,trigonometry,Create a fill-in-the-blank problem for upper secondary students to develop trigonometry using a context related to data analysis. Ask the student to justify the answer briefly.,427
upper-secondary,probability,Create a question that requires showing the reasoning for upper secondary students to develop probability using a context related to data analysis. Include one hint and the final answer.,428
upper-secondary,exponential functions,Create a fill-in-the-blank problem for upper secondary students to develop exponential functions using a context related to environmental models. Make the answer possible using text and numbers only.,429
upper-secondary,systems of equations,Create a short problem for upper secondary students to develop systems of equations using a context related to population growth. Use clear instructions and avoid unnecessary information.,430
upper-secondary,systems of equations,Create a fill-in-the-blank problem for upper secondary students to develop systems of equations using a context related to projectile motion. Include one hint and the final answer.,431
upper-secondary,analytic geometry,Create an error-analysis question for upper secondary students to develop analytic geometry using a context related to business costs. Use clear instructions and avoid unnecessary information.,432
upper-secondary,quadratic functions,Create a real-life word problem for upper secondary students to develop quadratic functions using a context related to architecture. Make the answer possible using text and numbers only.,433
upper-secondary,analytic geometry,Create a conceptual question for upper secondary students to develop analytic geometry using a context related to navigation. Use clear instructions and avoid unnecessary information.,434
upper-secondary,systems of equations,Create a real-life word problem for upper secondary students to develop systems of equations using a context related to business costs. Ask the student to justify the answer briefly.,435
upper-secondary,exponential functions,Create a question that requires showing the reasoning for upper secondary students to develop exponential functions using a context related to navigation. Include one hint and the final answer.,436
upper-secondary,probability,Create a real-life word problem for upper secondary students to develop probability using a context related to environmental models. Include the correct answer and a brief solution.,437
upper-secondary,analytic geometry,Create a fill-in-the-blank problem for upper secondary students to develop analytic geometry using a context related to data analysis. Connect the task to a realistic situation.,438
upper-secondary,trigonometry,Create a short problem for upper secondary students to develop trigonometry using a context related to technology. Connect the task to a realistic situation.,439
upper-secondary,probability,Create a real-life word problem for upper secondary students to develop probability using a context related to architecture. Include the correct answer and a brief solution.,440
upper-secondary,quadratic functions,Create an error-analysis question for upper secondary students to develop quadratic functions using a context related to business costs. Keep the wording concise and include an answer key.,441
upper-secondary,analytic geometry,Create a two-step problem for upper secondary students to develop analytic geometry using a context related to projectile motion. Include the correct answer and a brief solution.,442
upper-secondary,quadratic functions,Create a multiple-choice question with four options for upper secondary students to develop quadratic functions using a context related to projectile motion. Include the correct answer and a brief solution.,443
upper-secondary,exponential functions,Create a fill-in-the-blank problem for upper secondary students to develop exponential functions using a context related to environmental models. Keep the wording concise and include an answer key.,444
upper-secondary,probability,Create a two-step problem for upper secondary students to develop probability using a context related to environmental models. Connect the task to a realistic situation.,445
upper-secondary,quadratic functions,Create a real-life word problem for upper secondary students to develop quadratic functions using a context related to projectile motion. Use values appropriate for the educational level.,446
upper-secondary,probability,Create a two-step problem for upper secondary students to develop probability using a context related to business costs. Make the answer possible using text and numbers only.,447
upper-secondary,quadratic functions,Create an error-analysis question for upper secondary students to develop quadratic functions using a context related to business costs. Make the answer possible using text and numbers only.,448
upper-secondary,probability,Create a two-step problem for upper secondary students to develop probability using a context related to data analysis. Use values appropriate for the educational level.,449
upper-secondary,analytic geometry,Create a two-step problem for upper secondary students to develop analytic geometry using a context related to projectile motion. Include one hint and the final answer.,450
upper-secondary,trigonometry,Create a short problem for upper secondary students to develop trigonometry using a context related to data analysis. Use clear instructions and avoid unnecessary information.,451
upper-secondary,trigonometry,Create a two-step problem for upper secondary students to develop trigonometry using a context related to navigation. Make the answer possible using text and numbers only.,452
upper-secondary,analytic geometry,Create a fill-in-the-blank problem for upper secondary students to develop analytic geometry using a context related to navigation. Keep the wording concise and include an answer key.,453
upper-secondary,trigonometry,Create a two-step problem for upper secondary students to develop trigonometry using a context related to technology. Ask the student to justify the answer briefly.,454
upper-secondary,trigonometry,Create a question that requires showing the reasoning for upper secondary students to develop trigonometry using a context related to projectile motion. Use values appropriate for the educational level.,455
upper-secondary,probability,Create a short problem for upper secondary students to develop probability using a context related to population growth. Ask the student to justify the answer briefly.,456
upper-secondary,exponential functions,Create a short problem for upper secondary students to develop exponential functions using a context related to architecture. Keep the wording concise and include an answer key.,457
upper-secondary,analytic geometry,Create a multiple-choice question with four options for upper secondary students to develop analytic geometry using a context related to environmental models. Include the correct answer and a brief solution.,458
upper-secondary,exponential functions,Create a two-step problem for upper secondary students to develop exponential functions using a context related to navigation. Use values appropriate for the educational level.,459
upper-secondary,probability,Create a conceptual question for upper secondary students to develop probability using a context related to technology. Include one hint and the final answer.,460
upper-secondary,systems of equations,Create a two-step problem for upper secondary students to develop systems of equations using a context related to data analysis. Use values appropriate for the educational level.,461
upper-secondary,probability,Create a real-life word problem for upper secondary students to develop probability using a context related to population growth. Make the answer possible using text and numbers only.,462
upper-secondary,systems of equations,Create a question that requires showing the reasoning for upper secondary students to develop systems of equations using a context related to business costs. Keep the wording concise and include an answer key.,463
upper-secondary,analytic geometry,Create a multiple-choice question with four options for upper secondary students to develop analytic geometry using a context related to population growth. Use clear instructions and avoid unnecessary information.,464
upper-secondary,probability,Create a conceptual question for upper secondary students to develop probability using a context related to environmental models. Use clear instructions and avoid unnecessary information.,465
upper-secondary,quadratic functions,Create an error-analysis question for upper secondary students to develop quadratic functions using a context related to data analysis. Ask the student to justify the answer briefly.,466
upper-secondary,quadratic functions,Create a real-life word problem for upper secondary students to develop quadratic functions using a context related to architecture. Include the correct answer and a brief solution.,467
upper-secondary,quadratic functions,Create a fill-in-the-blank problem for upper secondary students to develop quadratic functions using a context related to population growth. Include one hint and the final answer.,468
upper-secondary,exponential functions,Create a two-step problem for upper secondary students to develop exponential functions using a context related to environmental models. Use values appropriate for the educational level.,469
upper-secondary,analytic geometry,Create a conceptual question for upper secondary students to develop analytic geometry using a context related to business costs. Ask the student to justify the answer briefly.,470
upper-secondary,exponential functions,Create a multiple-choice question with four options for upper secondary students to develop exponential functions using a context related to architecture. Include the correct answer and a brief solution.,471
upper-secondary,analytic geometry,Create a multiple-choice question with four options for upper secondary students to develop analytic geometry using a context related to data analysis. Include one hint and the final answer.,472
upper-secondary,trigonometry,Create a fill-in-the-blank problem for upper secondary students to develop trigonometry using a context related to business costs. Use clear instructions and avoid unnecessary information.,473
upper-secondary,quadratic functions,Create a fill-in-the-blank problem for upper secondary students to develop quadratic functions using a context related to architecture. Use clear instructions and avoid unnecessary information.,474
upper-secondary,quadratic functions,Create an error-analysis question for upper secondary students to develop quadratic functions using a context related to data analysis. Keep the wording concise and include an answer key.,475
upper-secondary,systems of equations,Create a question that requires showing the reasoning for upper secondary students to develop systems of equations using a context related to architecture. Use values appropriate for the educational level.,476
upper-secondary,exponential functions,Create a two-step problem for upper secondary students to develop exponential functions using a context related to navigation. Make the answer possible using text and numbers only.,477
upper-secondary,analytic geometry,Create a short problem for upper secondary students to develop analytic geometry using a context related to population growth. Connect the task to a realistic situation.,478
upper-secondary,systems of equations,Create a fill-in-the-blank problem for upper secondary students to develop systems of equations using a context related to projectile motion. Use clear instructions and avoid unnecessary information.,479
